question,reponse
Combien de personnes travaillent au ministère des sports,100 000
Combien d'employeurs,20 000
Quel part du budget des ménages,50
Quel montant en 2003,"14,2 milliards d'euros | 14,2 milliards"
Quel montant en 2019,12 milliards
Qui a été témoin de miracles,Böhme
Que trouve t on sous le mont Landeskrone,un monceau d'argent | une caverne
Qui est voué à un avenir hors du commun,Böhme
Un évenement bizarre a eu lieu à quel moment,durant l'apprentissage
Qui a fait l'acquisition de chaussures,un étranger
Qui est de constitution fragile ?,Jakob Böhme
Qui est le grand-père de Jakob,Ambroise Böhme
Les parents de Jakob sont des personnes riches,relative aisance
Qui est scolarisé pour apprendre,leur fils | Jakob Böhme
Comment s'appelait Zgorzelec il y a environ 500 ans,Görlitz | hameau du Alt-Seidenberg
En quelle année Jakob Böhme tombe-t-il malade ?,1624
Qui est mort en juillet ?,Richter
Quel est le métier de Nicolas Thomas ?,pasteur
Que doit subir Jakob Böhme avant d’obtenir les derniers sacrements ?,examen
Pourquoi Böhme enfle-t-il ?,ingurgite une grande quantité d'eau
Quand a t il soutenu sa thèse ?,le 11 pluviose an XII (31 janvier 1804
A quel âge obtient il son diplôme ?,à 20 ans
Quelles études suit Guillaume ?,médicales
A quel âge Guillaume Marie André Ferrus part pour Paris ?,à 15 ans
Combien de temps a duré le stage ?,deux années
Comment sont les températures dans le désert du nil la nuit ?,glacial la nuit
Comment sont les températures dans le desert du nil ?,"Dans le désert, les températures extrêmes sont de rigueur"
Quel mois sont froid dans le NIL ?,"les mois de janvier, février et mars"
Comment est la température du Nil en hiver ?,température est douce
Comment l'air est dans le Nil ?,L’air y est particulièrement sec et salubre
"Quel pays est surnommé la ""perle de l'Afrique"" ?",L’Ouganda
Quelle est la croissance moyenne de l'Ouganda dans les années 1990 ?,"6,5 % dans"
Qui fut la vice-présidente du Parlement ougandais de 1994 à 2003 ?,Specioza Kazibwe
Comment est surnommée l'Uganda Commercial Bank ?,banque du peuple
Quelle est la proportion de femmes dans le Parlement ougandais en 2016 ?,un tiers | plus d’un tiers
Quand s'arrête la guerre civile en Ouganda ?,2006
Quel pays passe un accord avec le FMI en 1987 ?,Ouganda
Quelle institution financière fait des recommandations à l'Ouganda ?,FMI
Qui abandonne ses principes marxistes en 1987 ?,Museveni
Quel groupe menait une guérilla en Ouganda en 2005 ?,armée de résistance du Seigneur
Qui dirigeait la Tanzanie en 1967 ?,Julius Nyerere
Qui est Walter Rodney ?,historien guyanien
Sur qui Yoweri Museveni a fait une thèse ?,Frantz Fanon
Dans quel pays a étudié Yoweri Museveni ?,Tanzanie
Où est Dar es Salaam ?,Tanzanie
Quelle est l'origine du nom Museveni ?,"seven », « sept » en anglais"
De quel pays est le King's African Rifles ?,britannique
Qui est le père de Yoweri Kaguta ?,un riche propriétaire terrien | riche propriétaire terrien
De quelle nationalité est Yoweri Kaguta ?,Ouganda
Où est l'Ouganda ?,la région des Grands Lacs | région des Grands Lacs
Quel ruisseau débute à Villejust ?,Le Rouillon
Quel ruisseau ne court pas par les Ulis ?,Angoulême
"Quelle activité propose l'association ""Ulis Pêche Passion"" ?",des concours de pêche sportive | concours de pêche sportive
Combien de mares symbolisent le début du quartier de l'Ermitage ?,Trois
Au bord de quel route se trouve le quartier de l'Ermitage ?,nationale 118
A combien de kilomètres de Paris se trouvent les Ulis ?,vingt-quatre kilomètres | à vingt-quatre kilomètres au sud-ouest de Paris-Notre-Dame
quel est le point zero de toutes les routes de France ?,à vingt-quatre kilomètres au sud-ouest de Paris-Notre-Dame | Paris-Notre-Dame
A combien de kilomètres de Palaiseau sont situés les Ulis  ?,six kilomètres | six kilomètres au sud-ouest de Palaiseau
Les Ulis sont ils au sud d'Arpajon ?,au nord-ouest d’Arpajon
Les Ulis sont ils à trois kilometres de Corbeil-Essonnes,vingt-quatre kilomètres au nord-ouest de Corbeil-Essonnes
De quoi l'école de Paris pouvait elle être qualifiée par certains dans les années 50?,esthétique figurative nationale
Quand eu lieu l'exposition à la galerie Babylone organisée par charles estienne?,janvier 1952
"Quand l'expression ""école de Paris"" a t elle été détournée ?",dans les années 1950 | années 1950
De quels artistes est constituée la Nouvelle Ecole de Paris?,artistes à tendances abstraites
De quel courant artistique étaient issues les artistes ayant exposé à la galerie Babylone en janvier 52?,Nouvelle École de Paris | abstraites
Quelle forme intrinsèque distingue la compilation du Qoran,forme canonique
Quelle figure emblématique caractérise un prophète éminent ?,calife
Année de décès du prophète othman bin affan,mort en 656
Quelle est l’année de naissance de Othman bit affan ?,né en 574
Citez une figure emblématique de prophète musulman ?,Othman ibn Affan
Quelle organisation internationale confie l'administration du Cameroun à la France et à l'Angleterre après la défaite allemande ?,Société des Nations
Quelle nouvelle forme de politique coloniale introduit la France au Cameroun par rapport à l'Allemagne ?,politique d'assimilation
Quelle puissance coloniale était présente au Nigeria ?,Royaume-Uni
En quelle année la France administre-t-elle le Cameroun ?,1918
Pourquoi l'Allemagne abandonne sa possession camerounaise ?,défaite lors de la Grande Guerre
Quelle ethnie est observée par les scientifiques allemands durant la période coloniale ?,Baka
Les populations colonisées vivaient-elles dans de bonnes conditions sous l'occupation allemande ?,soumises au travail forcé et aux châtiments corporels
Quelle agriculture trouve-t-on depuis la période coloniale au Cameroun ?,"cacaoyers, bananiers, caféiers, hévéas, palmiers à huile"
Quels travaux d'infrastructure sont conduits de manière prioritaires par les puissances coloniales au Cameroun ?,construction de routes et de la première ligne de chemin de fer
Quelle nationalité décide d'exploiter économiquement le Cameroun ?,Allemands
Quelle profession prime sur les intérêts de l'armée au Cameroun pendant la domination allemande ?,marchand
Qui a influencé le chancelier allemand dans son engagement dans un projet colonial au Cameroun ?,Adolph Woermann
Qui gouvernait l'Allemagne lorsqu'elle établit un protectorat au Cameroun ?,Bismarck
Quel atout attire l'Allemagne au Cameroun ?,potentiel agricole
À quelle date les Allemands instaurent-ils un protectorat sur le Cameroun ?,5 juillet 1884
Quel royaume a pâti de l'influence des religions monothéistes au Cameroun ?,Royaume bamoun
Comment s'appelle le royaume du Sahel ?,Royaume du Kanem-Bornou
Quels sont les premiers bouleversements sociétaux traversés par le Cameroun ?,"traite négrière, soit occidentale, soit orientale, la diffusion du christianisme par le sud et de l’islam par le nord"
Qui sont les premiers partenaires commerciaux du Cameroun ?,les Européens et les Sahéliens
Qui a colonisé le territoire camerounais après le Portugal et la Hollande ?,Allemands
Quel pays est associé aux tribus nomades Bakas ?,Cameroun
À quand remonte la sédentarisation des premières sociétés au Cameroun ?,Ier millénaire av. J.-C
Qui furent les premiers à habiter le Cameroun actuel ?,les chasseurs-cueilleurs Baka
Qu'est-ce qui a été concomitant à l'extension des langues bantoues sur le continent africain ?,l’agriculture
Jusqu'où les langues bantoues se sont-elles répandues sur le continent africain ?,Afrique du Sud
Où se situe le terrain du Standard AC ?,Suresnes
Quelle équipe a perdu contre l'Olympique lillois en demi-finale ?,Standard AC
Quel est le premier club provincial à s'engager dans la compétition ?,Olympique lillois
Qui est l'opposant du RC France lors de la finale de l'édition 1907 ?,Olympique lillois
Quel club peut remporter définitivement le trophée en 1907 ?,RC France
Quelle équipe a été battue en finale par le Standard AC lors de la Coupe Dewar 1904 ?,RC France
Qui a remporté sa quatrième victoire lors de la Coupe Dewar 1904 ?,Standard AC
"Lors de l'édition 1903, combien de fois l'United SC avait-elle perdue en finale ?",deux défaites
Grâce à quels joueurs l'United SC était-elle considérée comme la meilleure équipe ?,Havercroft-Probert-Mainwaring
Qui était considérée comme la meilleure équipe de l'édition 1903 ?,United SC | l'United SC
Qui a gagné le premier trophée ?,Standard AC
Combien de victoires au total sont nécessaires pour s'adjuger définitivement le trophée ?,quatre fois en tout
Combien de victoires consécutives sont nécessaires pour s'adjuger définitivement le trophée ?,trois fois consécutivement
Quand est-ce que la Coupe Dewar se déroule ?,en fin de saison
Pourquoi les Britanniques ne pouvaient-ils pas prendre part aux compétitions officielles ?,à cause des délais de qualification des joueurs
A qui était réservée la Coupe Manier ?,aux clubs n'alignant pas plus de trois joueurs étrangers
Pourquoi la Coupe Manier a-t-elle été créée ?,favoriser l’éclosion des clubs de Français
En quelle énnée la Coupe Manier a-t-elle été créée ?,en 1897
Qui a créé la Coupe Manier ?,M. Manier
De qui le football français est-il l'apanage dans les années 1890 ?,des Anglais
Quand a eu lieu la dernière édition ?,en 1915
Quand commence le déclin de la Coupe Dewar ?,fin des années 1900
Qui participe à la Coupe ?,des clubs parisiens | presque exclusivement par des clubs parisiens
A qui est délégué l'organisation des rencontres ?,l'USFSA
Qui a mis en place la compétition Dewar ?,Monsieur le shériff -charge d'adjoint au maire en Irlande- Dewar
Quelle est l’évolution du marche de telephone fixe dans les années 2000 en Algerie?,relativement stagnante
Combien de lignes téléphoniques avant l’Algérie en 2005?,en moyenne 494 lignes téléphoniques pour 1 000 personnes et environ 58 pour les utilisateurs Internet
Quel autre opérateur historique a suivit le lancement de BlackBerry en Algérie?,opérateur historique Mobilis (Algérie Télécom
Quel opérateur a lancé BlackBerry en 2007 en Algerie?,opérateur Djezzy (Orascom Télécom Algérie
Quand s’est lancée la premiere offre BlackBerry en Algerie?,15 novembre 2006
Depuis quand le secteur des telecommunications s’améliore en Algerie?,depuis 2000
Quels problèmes de télécommunications subsistent pour ameliorer le reseau dans les années 2000?,les problèmes de surfacturation
Quel était le but des reformes dans le secteur des télécommunications dans les années 2000?,de développer et d'améliorer les technologies et le réseau des télécommunications
Qu’est qui a change pour le reseau des telecommunications en Algérie dans les années 2000?,la privatisation du marché des télécommunications
Comment était le réseau algérien en dehors des grandes villes avant les années 2000?,"le réseau était encore largement sous-développé, et les téléphones fixes et les ordinateurs y étaient très limités"
Quels pays vont supporter la premiere centrale nucléaire en Algérie?,la France et les États-Unis
Quand sera mise en œuvre la premiere centrale nucléaire en Algerie?,en 2020
Avec quoi fonctionne le réacteur nucléaire NUR?,à l'eau légère
Où se situe Draria?,près d'Alger
A quoi sert le nucléaire algérien?,à des fins pacifiques
Quels sont les créneaux privilégiés par les programmes de développement initié par l’Etat algérien?,L'énergie solaire et éolienne
Quelle proportion de la production globale d’électricité en 2010 représente le technopole solaire à Hassi R’Mel?,5 %
A partir de quand le technopole solaire a Hassri R’Mel sera-t-il opérationnel?,à la fin de l’année 2008
Quel sera la capacité du technophile solaire a Hassi R’Mel?,150 MW/an
Quel pays dispose du potentiel solaire le plus important du pourtour méditerranéen?,Algérie
Que est le montant des investissements annoncés par le MIPO en 2003?,"2,519 milliards d’euros"
En quelle annee l’Algerie devient une destination notable pour les IDE?,2004
Quel pays est en tete de la region MEDA dans les années 2000 en termes de flux d’investissements?,Algérie
A quels domaines s’élargissent les IDE en Algerie apres 2004?,"télécommunications, le tourisme, l’industrie"
A quoi est due la reprise de l’économie en Algérie en 2004?,au secteur de l’énergie
Quelle est la capitale de l'état des zirides,Béjaïa
En quelle année les hammadides sont elles reconnues comme calife légitime ?,1014
En quelle année les abbassides abandonnent ils le chiisme ?,1046
Que comprend l'Etat des zirides ?,la ville de Béjaïa (sa capitale) et le Nord-Est de l’actuelle Algérie
Ou se situe l'autorité des ifrenides et des maghraouas,Ouest algérien et sur une partie du sud d'Algérie et au Maroc actuel
Dans quelle matières sont façonnés les bijoux algériens ?,argent
Comment sont décorés les bijoux kabyles ?,"cloisonnés de fils ou filigranes, sertis de corail ou émaillés"
Quelles sont les couleurs préférés dans l'art algérien en matière de bijoux ?,"bleu foncé, vert et jaune"
quels sont les bijoux fabriqués en Kabylie ?,"bracelets de bras ou de chevilles, les boîtes d'allumettes, bagues, colliers, broches, fibules, croix du Sud"
quelles sont les régions d'Algérie qui créent des bijoux ?,"Kabylie, Aurès, Sud algérois, Ghardaïa, Tamanrasset"
A qui les femmes peuvent-elles s'adresser en cas de violence conjugale ?,au commissariat ou à la brigade de gendarmerie | commissariat ou à la brigade de gendarmerie
que peuvent proposer les commissariats de police ?,prennent sa déposition et l'encouragent à établir un certificat médical
qui est l'auteur de l'article ?,Fadéla Boumnedjel-Chitour
quelle est la réaction des officiers ?,la dissuader avec un discours moralisateur | discours moralisateur
pourquoi la femme ne porte pas plainte davantage ?,"obstacles sont multiples, les difficultés immenses et les chances d'aboutir minimes"
Quelles sont les particularités de l'artisanat algérien ?,richesse
Qu'utilisent les artisans algériens comme matières premières ?,modestie des matériaux | ressources naturelles
A quoi fait référence la décoration de la production artisanale ?,vertus protectrices
Qu'est-ce qui explique la richesse de la création artisanale en Algérie ?,"diversité des conditions climatiques, des ressources naturelles et les différentes civilisations"
A quoi sert l'artisanat algérien ?,dans un but utilitaire | but utilitaire
Qui entre en guerre contre la France en 1794 ?,les puissances européennes coalisées
Qu'est-ce que le dey d'Alger accorde à la France révolutionnaire sous le Directoire ?,un prêt d’argent sans intérêts
Quand la dette est elle dépréciée ?,quand la France redevient royaliste
Pourquoi le dey d'Alger est il faché contre le consul de France ?,car il comprend qu’il ne récupérera pas son argent et que les livraisons de blé ne lui seront jamais payées
Contre qui le dey d'Alger est il faché ?,le consul de France
Contre quelle ennemi s'allièrent les tribus dans les Aurès ?,les Ottomans
Qu'est-ce qui mit le feu dans les régions montagneuses des Aurès ?,plusieurs conflits internes entre fractions Chaouis
Contre quel ennemi les Ouled Daoud ont ils protéger leur territoire ?,Ottomans | les Ottomans
Quelle fut la conséquence de la division des Chabias ?,l'indépendance de plusieurs tribus | l'indépendance de plusieurs tribus à l'égard des Ottomans
Dans quelle région les tribus s'allièrent elles contre les Ottomans ?,Dans les Aurès
Pour quelle finalité la régence d'Alger paya l'Ouadia ?,Pour relier Alger et Constantine
Qu'est-ce que l'Ouadia ?,un droit de passage
Où se situe la chaîne des Bibans ?,en Kabylie
De qui les Bibans sont ils le domaine ?,du royaume des Beni Abbès et des Mokrani
Quelle région est dominée par le royaume des Beni Abbès et des Mokrani ?,la chaîne des Bibans
Qu'est-ce qui a causé la mort du Rais Hamidou ?,un boulet
Quel était l'objectif de l'escadre américaine au moment où elle rencontrera le Rais Hamidou ?,demander raison au dey Omar
Quelles furent les conséquences de la mort du Rais Hamidou ?,plusieurs défaites de la régence d'Alger face aux autres nations dans les batailles navales
Quelle était l'origine de la richesse de l'État et de la ville d'Alger ?,profits de la course | les profits de la course
Avec quelles nations la régence d'Alger avait elle des relations difficiles ?,"la Grande-Bretagne, les États-Unis, la France, l'Espagne"
Quelle ville les Portugais conquièrent ils au début du XVe siècle ?,Ceuta
Qu'est-ce que les Espagnols conquièrent à la suite du siège du port d'Alger ?,l'îlot du Peñon | îlot du Peñon
À qui les Algérois demandent ils de l'aide pour repousser les Espagnols ?,aux corsaires turcs
Qui réussit à repousser les Espagnols hors d'Alger ?,Les frères Barberousse
Avec l'aide de qui les frères Barberousse repoussent ils les Espagnols ?,des tribus kabyles
Quelle est la date de l’annexion de l’Algérie à la France ?,1834
Combien de provinces d’Algérie sont devenues les départements français d’Algérie ?,trois
De quelle nationalité étaient majoritairement les colons qui allaient devenir les pieds-noirs ?,français et espagnols
Quel territoire est conquis en 1902 ?,le Sahara
En quelle année sont fondés les départements français d’Algérie ?,1847 | 1848
En quelle année Tahert devient capital de l'Algérie ?,761
Où sz situe le royaume ibadite créé par Ibn Rustom ?,le nord du Maghreb
Quel est le statut du royaume ibadite par rapport au califat des Abbassides ?,indépendance
Que font les idrissides et les soulimandes en Algérie de l'Ouest ?,prennent le pouvoir
Quel émirat dispose en 756 d'une indépendance ?,émirat de Cordoue
Où se trouve Zaatcha ?,dans les Aurès
En quelle année se rend Abd el-Kader ?,1847
Quelle est l’année de la conquête du Constantinois ?,1848
Quelle est la date de la reddition de la Grande Kabylie ?,juillet 1857
Quel événement provoque la fin de la résistance ?,la capture de Lalla Fatma N’Soumer
Quelle est l’année du traité de la Tafna ?,1837
Quel traité dessine les limites entre Maroc et Algérie ?,traité de Lalla Maghnia | le traité de Lalla Maghnia
Quelle est la date du traité de Tanger ?,10 septembre 1844
Qui est le sultan marocain battu à la bataille d’Isly ?,Abderrahmane ben Hicham
Quel général remporte la bataille d’Isly ?,le général Bugeaud
Quelle fut la date du débarquement à Siri-Ferruch ?,14 juin 1830
Qui était à la tête des troupes françaises ?,Louis Auguste Victor de Ghaisne de Bourmont
Combien d’hommes ont pris part à l’opération ?,37 000 | quelque 37 000 hommes
Combien de navires furent employés pour l’opération ?,675
Qui a fourni les navires ?,l’entreprise Seillière
En quelle année Leroy de Saint-Arnaud est-il devenu capitaine ?,1837
L’armée de quel pays a conquis l’Algérie village par village ?,L’armée française
Dans quelles proportions la population algérienne a-t-elle été réduite entre 1830 et 1850 ?,tiers
Quelle était la principale cause de décès du peuple algérien pendant la conquête de l'Algérie ?,famine
Quelle expédition qui permit à Leroy de Saint-Arnaud de devenir général de division eut lieu en 1851 ?,l’expédition de Petite Kabylie
Par quelles lois est régi un indigène musulman qui a la les droits de citoyen français ?,la Charia | les lois civiles et politiques de la France | il est régi par les lois civiles et politiques de la France
Un algérien avait-il les mêmes droits qu'un français ?,les droits y afférents étaient de toute façon remis en cause | droits y afférents étaient de toute façon remis en cause
Un indigène musulman peut-il servir dans l'armée ?,peut être admis à servir dans les armées
Est-ce qu'un indigène musulman peut avoir les droits d'un citoyen français ?,"Il peut, sur sa demande, être admis à jouir des droits de citoyen français"
Par quelles lois est régi un indigène musulman qui n'a pas demandé à jouir des droits de citoyen français ?,la Charia
Quels ingrédients la cuisine algérienne utilise-t-elle depuis l'antiquité ?,légumes et céréales
Quelles sont les influences présentes dans la cuisine algérienne ?,cuisine méditerranéenne et saharienne
À quels produits l'algérie doit-elle le surnom de grenier de Rome ?,céréales
Quelles ont été les influences méditerranéennes sur la cuisine algérienne ?,"berbères, arabes, turcs, juifs, andalous, français et espagnols"
Comment s'est produite l'influence extérieure sur la cuisine algérienne ?,les conquêtes du territoire algérien
Quel style de musique a-t-il été influencé par le Diwan dans le nord de l'Algérie ?,sétifienne | la musique sétifienne
Dans quelle région du monde s'est développée la musique chaouie ?,Algérie
Quel est l'instrument de musique traditionnel joué par Biyat Edaber en musique chaoui ?,Imzad
Quel style de musique traditionnelle est caractéristique de l'extrême sud-est de l'Algérie ?,La musique terguie | terguie
D'où vient la musique chaouie ?,les régions des Aurès
Comment s’appelle le premier élément de la 8eme colonne du tableau périodique des éléments ?,ununennium
Quel est le nom de l’élément 119 du tableau périodique ?,ununennium
"En juin 2017, combien d’élément de la 8eme colonne du tableau périodique ont été observés ?",aucun
Comment s’appelle le 2eme élément de la 8eme colonne du tableau périodique des éléments ?,unbinilium
Quel est l’autre nom de « l’élément 120 » du tableau périodique ?,unbinilium
Quand Costas fut-il ministre en Moldavie ?,durant la guerre du Dniestr
Qui réclame une Nouvelle-Russie ?,Pavel Goubarev
Quand le général Costas a-t-il fait une déclaration à propos des conflits ukrainiens ?,2015
"Comment s'appellerait l'alliance d'une partie de l'Ukraine, de la Transnistrie et de la Gagaouzie ?",Nouvelle-Russie
De quoi fut ministre Monsieur Costas dans son pays ?,défense
Que signifie UPU ?,Union postale universelle
Les timbres de Transnistrie existent depuis quelle année ?,1991
Qui refuse l'affranchissement de Transnistrie ?,Ukraine
L'affranchissement de Transnistrie sont valables dans quels pays ?,"Russie, en Biélorussie, aux Kazakhstan"
L'état de Transnistrie est rattaché à quel pays à priori ?,Moldavie
Quel est la forme allongée de la Transnistrie ?,république moldave près du Dniestr
Combien de formes différentes sont utilisées pour désigner le gouvernement de Tiraspol ?,trois
Quelles sont les langues utilisées par l'administration de Tiraspol ?,"russe, ukrainien et « moldave"
Quel est l'autre nom de la Transnistrie ?,République moldave nistréenne
Quel est la partie de mot qui signifie auprès de en ukrainien ?,При
En quelle année la Transnistrie est rendue indépendante de fait ?,1991
Quel événement a rendu la Transnistrie indépendante par défaut ?,dislocation de l'URSS | la dislocation de l'URSS
Quelle forme institutionelle a la Transnistrie ?,la république moldave du Dniestr | république
Quels pays d'Amérique latine entretiennent des échanges diplomatiques avec la Transnistrie ?,le Nicaragua et le Venezuela
De quel côté du Dniestr est située la Transnistrie ?,rive gauche
Quelle part du territoire actuel de la Moldavie correspond à celui de la Rssm en 1940 ?,"62,8 % du territoire que la RSSM possédait à sa fondation en juillet 1940"
Qu'est-ce que la Rssm ?,république socialiste soviétique de Moldavie
Quand a été créée la RSSM ?,juillet 1940 | 2 août 1940
Quelle estla surface de la Transnistrie ?,28 250 km2
Dans quel pays est la Transnistrie ?,république de Moldavie
Qui a posé le pied en premier sur l'île ?,les Portugais
En quelle année a-t-on pris connaissance de l'île ?,1559
Qui a en premier cartographié l'île ?,des membres de l'équipage
Qui a calculé la position de l'île en longitude ?,Álvares et Dias
Quel érudit ajoute une mention sur la carte ?,Evert Gysberths
Où le volcanisme s'est il installé ?,dans les parties basses
Quel a été le résultat du volcanisme ?,de petits cônes scoriacés
Qu'est ce qui indique une activité volcanique ?,Des fumerolles et des sources chaudes
Quand l'activité du volcan peut-elle reprendre ?,à tout moment
Quelle est la dernière source de volcanisme ?,une fissure orientée selon l'effondrement
Quelle a été l'altitude maximale du volcan ?,400 mètres
Quelle est la raison de la réduction de la taille du volcan ?,de grands effondrements
Quelle ligne de direction l'effondrement a-t-il suivi ?,nord-ouest/sud-est
Quelle a été la conséquence de cet effondrement ?,élargissement de sa circonférence
Qu'est ce qui a immergé le cratère ?,la mer
Quelle île est proche de l'île saint paul ?,île Amsterdam
De quels éléments géologiques le volcan est-il  composé ?,tufs jaunes palagonitiques
Où la cheminée du volcan se situe-t-elle ?,au centre du Bassin du Cratère
Quelle est la distance entre le volcan et sa cheminée ?,un kilomètre plus au sud
Quelle est l'exposition du volcan ?,nord
Quelle surface l'île recouvre-t-elle ?,une superficie de 8 km2 | 8 km2
Quelles sont les caractéristiques géologiques de l'île ?,rocheuse et désertique
Quel type de structure géologique a créé cet espace insulaire ?,partie émergée d'un ancien volcan
Quel est le point culminant de l'île ?,la crête de Novara
A quelle altitude l'île culmine-t-elle ?,268 m au-dessus du niveau de la mer
De quelles forces dispose le chef des opérations russes?,"14 bataillons d'infanterie, deux régiments de cavalerie de ligne, 5 régiments de cosaques, 3 000 hommes de troupes irrégulières asiatiques et 70 canons"
Quelle est la zone d'opération cibler par les armées du vice-Roi?,entre Kars et Ardahan
Quel est l'objectif de Paskevitch?,Il cherche à empêcher la réunion des deux principales armées ottomanes
Quelle est la taille de l'armée ottomane qu'affronte les forces de Paskevitch le 30 juin 1829?,30 000 hommes
Quelle est la taille de l'armée ottomane qu'affrontent les forces de Paskevitch le 2 juillet 1829?,20 000 hommes
Quel est le théâtre des opérations retenu par les Turcs?,les frontières de la Géorgie
Quel est l'objectif stratégique immédiat pour la Sublime porte à ce moment?,entreprennent de contre-attaquer
Qui dirige les opérations Ottomanes sur le théâtre géorgien?,Ahmet Pacha
Quel est l'autre objectif des Ottomans en dehors de Akhaltsikhe?,contre-attaquer sur les frontières de la Géorgie | Kars
Quelle fut la première ville prise par le vice-Roi en Géorgie?,Akhalkalaki
Quelle était la caractéristique de la prochaine cible du vice-Roi après son succès à Akhalkalaki?,capitale du pachalik de Tchildir
Quelles étaient les forces turques disponibles pour protéger Akhaltsikhe?,30 000 hommes
Quel est le bilan des pertes de l'armée de la Sublime porte lors de son premier affrontement avec les forces de Paskevitch?,"3 000 prisonniers, 12 canons, 13 drapeaux et des approvisionnements importants"
Quel bilan de la chute d'Akhaltsikhe pour les turcs?,les Ottomans perdent 15 000 tués et prisonniers et 67 canons
Quel fut le résultat du conflit entre Saint-Pétersbourg et Téhéran?,le traité de Turkmanchai | l'avantage des Russes
Quelle fut la traduction juridique de la victoire de l'Empereur Nicolas Ier sur le Chah Fath Ali Chah Qadjar?,le traité de Turkmanchai
Quel est le successeur du prince Menchikov à la tête des troupes russes?,Le vice-roi Ivan Paskevitch | vice-roi Ivan Paskevitch
Pour quelle raison prédécesseur du vice-roi Ivan Paskevitch dût-il transmettre son commandement?,il est rappelé avec la flotte pour prendre part au siège de Varna
Quel est le bilan de la chute de Kars pour la Sublime porte?,"2 000 Turcs sont tués dans la bataille, 3 000 soldats et 51 canons capturés"
Pour quelle raison logique les russes ne purent obtenir ailleurs le même succès qu'à Varna ?,la garnison ottomane étant supérieure en nombre aux assaillants
Quelles étaient les étaient les positions turques à conquérir pour Saint-Pétersbourg sur le territoire bulgare?,"Choumen, Varna et Silistra"
Quelles étaient les caractéristiques militaires des cibles des armées de Nicolas Ier?,villes fortifiées
Qui dirigeait la composante navale de force militaire russe?,Alexeï Greig
Quelle fut la première et seule des trois villes assiégées par les Russes à tomber entre leurs mains?,Varna
Comment sont organisées les services déconcentrés des administrations civiles de l'Etat?,circonscription régionale ; / - circonscription départementale ; / - circonscription d’arrondissement
Où est situé la préfecture de région?,chef-lieu de la région
Par qui est dirigée la région?,le préfet de région
Depuis quel décret la région est une circonscription administrative de droit commun?,décret no 92-604 | décret no 92-604 du 1er juillet 1992
Que retrouve-t-on dans une circonscription administrative?,services extérieurs de l'État
Combien de Z.E.A.T. l'Insee définit-elle en 1967 ?,huit
Qu'est-ce que les Z.E.A.T. ?,zones d'études et d'aménagement du territoire
Qu'est-ce que la DATAR ?,la Délégation à l'aménagement du territoire et à l'action régionale
Quelles sont les trois grandes régions utilisées par le Ve Plan ?,"France Est, France Ouest et région parisienne"
Combien de grandes régions le commissariat général au Plan retenait-il ?,trois
Quelle notion le traité de Rome ne définissait-il pas ?,région
Où la Conférence sur les économies régionales se tient-elle ?,Bruxelles
Quand la conférence sur les économie régionales se tient-elle ?,en décembre 1961
Combien de Grandes Régions socio-économiques étaient-elles définies pour les enquêtes de l'INSEE ?,neuf
Quelles étaient les régions retenues par l'INSEE pour ses enquêtes ?,"le Nord, l'Est, le Bassin Parisien, Paris, le Sud-Est, la Méditerranée, le Massif Central, le Sud-Ouest et l'Ouest"
Par qui le président de la région est-il élu ?,l'assemblée
uel est l'organe exécutif de la région ?,président
Comment le conseil régional est-il désigné ?,élu
Quel est l'organe délibérant de la région ?,le conseil régional
Sous l'autorité de qui l'action régionale s'exécute-t-elle  ?,préfet de région
De quoi les régions ont-elles bénéficié de la part de l'État ?,transferts de compétence
Par qui les élus régionaux sont-ils reconnus ?,l'Union européenne
De quels renouveaus les régions constituent-elles parfois le cadre d'expression  ?,"régionaliste, autonomiste voire indépendantiste"
De quelles ressources les régions bénéficient-elles ?,une partie de la TVA
Depuis quand les régions ont-elles vu leur poids politique s'accroitre ?,1990
Combien de régions la France compte-t-elle en 2015 ?,vingt-sept
Depuis quand le statut de collectivité locale des régions françaises est-il inscrit dans la constitution ?,2003 | depuis 2003
Quand acquièrent-elles un statut de collectivité locale ?,1982
À partir de quand les régions françaises sont-elles crées sous leur forme actuelle ?,1956
De quels entités les régions françaises héritent-elles ?,d'anciennes provinces et régions historiques
que comporte la bouche droite ?,une succession[pas clair] de trois peaux épaisses
d'où provient la pastille noire ?,un mélange (masala) de riz bouilli et de poudre de manganèse
qu'est-ce qui est glissé entre les peaux ?,petits morceaux de roseau | De petits morceaux de roseau
pourquoi les roseaux sont-ils glissés sous les peaux,pour donner le « buzz » caractéristique de cet instrument
comien mesure la bouche droite ?,17 cm
en quel matériau était fabriqué le mridang?,terre cuite | terre
de quand date le mridang?,2000 ans | 2000
quelle danse accompagnait le mridang?,bharata
Comment accordait-on le mridang?,appliquait de l'argile | on
par quoi est attesté le fait que le mridang est l'ancêtre de la famille?,traité
quel instrument est l'instrument des dieux?,mridang
quel est l'instrument des dieux?,Le mridang | mridang
qui a créé le mridang,Brahmâ
que fait-on avnt de toucher le mridang,prière
qu'est ce que le mridang?,instrument
Au départ quels groupes religieux ont participé à la création de la Société des Irlandais unis ?,"un groupe de protestants libéraux, anglicans et presbytériens"
Pourquoi les idées de la Société des Irlandais unis étaient devenues radicales ?,"demandant notamment l'établissement d'une république irlandaise réunissant catholiques, protestants et non-conformistes | établissement d'une république irlandaise réunissant catholiques, protestants et non-conformistes"
"Lors de la création de l'Ordre, comment la Société des Irlandais unis avait-elle évolué ?",les Irlandais unis étaient déjà devenus un groupe prônant des idées radicales
Qu'a réussi à obtenir la Société des Irlandais unis ?,"un groupe de protestants libéraux, anglicans et presbytériens | émancipation des catholiques"
A quel objectif répondait la création de la Société des Irlandais unis ?,"obtenir une réforme du parlement irlandais, l'émancipation des catholiques et la révocation des lois pénales irlandaises"
Qui s'est exprimé à cet événement ?,Lord Gosford
Quel historien est spécialiste de cet événement ?,Jim Smyth
Sur quoi les historiens s'accordent-ils toutefois ?,les origines populaires du mouvement
Pourquoi il ne pourrait pas y avoir de lien avec l'orangisme ?,les loges orangistes n'existaient pas encore lorsque Lord Gosford s'est exprimé
Quel est la controverse autour de l'Ordre d'Orange ?,"Le lien entre cet événement, les bandes armées qui pourchassent les catholiques et la naissance de l'orangisme"
Quelles étaient les motivations des exactions commises à l'encontre des populations orangistes en 1798 ?,les sentiments anti-orangistes
Comment connait-t-on les intentions des responsables des massacres de 1798 ?,les procès qui s'ensuivirent
Quelle fut l'évolution du mouvement orangiste à l'issue des massacres de 1798 ?,l'Ordre d'Orange connut une croissance rapide
Avec qui se bat le gouvernement en 1796 ?,des Orangistes
Contre qui se bat le gouvernement en 1798 ?,Les Irlandais unis
Qui dirige le comté d’Armagh ?,Lord Gosford
Combien de catholiques quittent Armagh ?,7 000
Quelle est la religion des exilés ?,catholiques
Qui voit ses biens confisqués ?,un grand nombre de catholiques
Quand s’exilent les a catholiques d’Armagh ?,Durant les mois qui suivirent la bataille du Diamond
Quel est le but de l'ordre d'orange ?,favoriser les objectifs du protestantisme
De quel confession est l'ordre d'Orange ?,protestante
Où a été crée l'ordre d'orange ?,à Loughgall | Loughgall (en) (Irlande)
Quels sont les diverses sujets dont s'empare l'ordre d'orange ?,"religieuse, politique, culturelle et sociale"
Quand s'est déroulée la bataille de la Boyne ?,le 12 juillet 1690
Quelles divisions refont surface en Espagne ?,divisions entre libéraux et ultra-conservateurs
Qu'est-ce qui est né de la lutte contre Napoléon ?,front commun
En quelle année Ferdinand VII fait-il son retour ?,1813
Qui a fait son retour en 1813 ?,Ferdinand VII
Que font les colonies d'Amérique lors de la Guerre d'indépendance espagnole ?,s’émanciper de la métropole et proclamer leur indépendance
Sur quelle île Napoléon avoue regretter la Guerre d'indépendance espagnole ?,Sainte-Hélène
A combien s'élève les pertes pour l'armée française ?,300 000 soldats français
Que rata l'Espagne suite à cette victoire ?,la modernisation agricole et industrielle au XIXe siècle
Quelle institution joua un rôle important dans la résistance espagnole ?,l’Église catholique
Quel est le ressenti des Espagnols face à cette Guerre d'indépendance ?,un fier souvenir
Que consacre la Constitution espagnole ?,droits de l'homme et notamment un suffrage universel masculin
De quoi la première Constitution espagnole s'inspire-t-elle ?,Constitution française de 1791
Au jour de quel Saint la première Constitution a-t- elle été nommée ?,Saint-Joseph
Comment se nomme la première Constitution espagnole ?,La Pepa
En quelle année les Cortes adoptent la première Constitution espagnole ?,1812
De quoi  Napoléon avait-il peur  ?,des débarquements britanniques visant à détruire les bases navales françaises en plein essor
Que cherchait à faire l'Empereur ?,immobiliser des forces britanniques
Qui régnait sur la France lors de la Guerre d'indépendance espagnole ?,Napoléon
Comment expliquer le  succès de Wellington ?,par le manque de moyens accordés par Napoléon et la décentralisation du commandement des différentes armées françaises
Contre qui Masséna a-t-il perdu ?,Torres Vedras
Quelle bataille a lieu en 1811 ?,bataille de Fuentes de Oñoro
Qui souhaite vaincre le Portugal ?,Napoléon
Quels événements avantagent Wellington ?,la bataille de Fuentes de Oñoro (mai 1811) et le siège de Ciudad Rodrigo
Par qui est commandé la coalition anglo-portugaise ?,Wellington
A qui est confié l'invasion napoléonienne au Portugal ?,maréchal Masséna
Que voulait voir disparaître les afrancesados ?,la féodalité et l’absolutisme
Quel événement la guerre d'Espagne a-t-elle engendré ?,guerre civile
Quelles atrocités ont été commises ?,"saccages, viols, profanations, agressions"
Quel événement provoqua l'enlisement du conflit ?,La guérilla
Comment appelle-t-on les partisans  des Français ?,afrancesados
Quels étaient les progrès sociaux et sociétaux mis en place en Espagne par Bonaparte?,abolition des droits féodaux et de l’Inquisition
Quelles zone d'Espagne échappaient au pouvoir central?,Le contrôle des campagnes restait difficile
Quels étaient les principaux instigateurs de l'insurrection populaire?,Les prêtres espagnols
Quel était l'action principal des ecclésiastiques pour appuyer le soulèvement de la population?,appelaient leurs fidèles à la croisade contre les Français
Quelle était la tactique employée par les insurgés dans cette guerre asymétrique?,les Espagnols pratiquaient la guérilla
Que parvient à réaliser malgré ses déboires le frère de Napoléon Ier?,à entrer à Madrid
Le frère de Napoléon Ier parvint-il à tenir durablement la capitale espagnole?,il ne put y rester longtemps
Comment évolua la situation sur le théâtre des opérations lusitanien?,le général Junot dut évacuer le Portugal
Quelle la cause de la rupture sur le théâtre des opérations lusitanien?,l’offensive des Britanniques
Qui dirigeait les forces armées de Londres sur le théâtre des opérations lusitanien?,duc de Wellington
Quels étaient les autres points chauds de l'insurrection ?,"Carthagène, León, Santiago, Séville, Lérida et Saragosse"
Quel fut l'événement catalyseur du soulèvement général ?,guet-apens de Bayonne | Le guet-apens de Bayonne
Quel fut le tournant psychologique de guerre ?,le général Pierre Dupont de l'Étang et ses 20 000 hommes furent vaincus près de la petite ville andalouse de Bailén
A quel moment eut lieu le tournant psychologique de la guerre ?,18 juillet 1808
Où eut lieu le point de rupture de l'insurrection ?,Bayonne
Quels étaient les acteurs de la lutte pour la couronne hispanique ?,Ferdinand et Charles
Quand éclata l'insurrection à Madrid ?,2 mai 1808 | Le 2 mai 1808
Quel général français écrasa le soulèvement madrilène ?,Murat
Quelle œuvre retrace les représailles françaises sur les insurgés madrilènes ?,"Tres de mayo | Le célèbre tableau de Goya, Tres de mayo"
Qui récupéra le trône à la suite du retrait des deux prétendants ?,Joseph
Quel est l'événement catalyseur du soulèvement ibérique ?,l’abdication du roi d’Espagne au profit du frère de l’empereur
Quelle est la cible des premiers insurgés madrilènes ?,l’armée française
Quels protagoniste extérieur vint appuyer les insurgés espagnols ?,Wellington | armée britannique | l’armée britannique
Quelle fut le point de départ du soulèvement espagnol contre l'occupation Napoléonienne ?,Madrid se souleva contre l’armée française stationnée dans la capitale espagnole | Madrid
Qui dirigea les forces combattantes opposés à Napoléon pour porter la guerre dans l'hexagone ?,Wellington
Comment est calculée la profitabilité ?,la valeur énergétique nette (c’est-à-dire la valeur brute moins l’énergie dépensée) divisée par le temps de manipulation
Quelle est la stratégie animale pour se nourir ?,"les animaux maximisent leur profitabilité | maximisent leur profitabilité, en choisissant les plus grosses proies accessibles"
Quel type de proies les animaux chassent ?,les plus grosses
Comment est calculée la valeur énergétique nette ?,la valeur brute moins l’énergie dépensée
Quel est le dénominateur de la valeur énergétique nette ?,temps de manipulation
quels sont les facteurs pertinents,"le temps (de la recherche), l’énergie (dépensée à la recherche) et la densité | temps (de la recherche), l’énergie (dépensée à la recherche) et la densité"
qu'est-ce que le temps de manipulation ?,temps mis pour obtenir une proie
comment appeler la densité des proies dans l'environnement,disponibilité
en quels Termes peut-être décrite la recherche de nourriture ?,accessibilité et de disponibilité de la ressource. L’accessibilité
dans quoi figure le temps de manipulation ?,accessibilité
A quelle vitesse court le guépard quand il a faim ?,à une vitesse de 100 km/h
Quel est l'abitrage énergétique pour la quête de nourriture ?,compromis entre énergie dépensée et énergie acquise
Quels sont les risques qui interfèrent avec la quête de nourriture ?,"prédation, rivaux, absence de surveillance sur la progéniture, etc"
Comment finance-t-on l'énergie des espèces animales ?,par une quête de nourriture
"Quelle espèce dépense peu d'énergie pour manger, mais y passe beaucoup de temps ?",l’araignée
Quel unique type d'actions Matswa a-t-il entrepris de son vivant ?,action que civile
"Quel croyance se répand, en l'absence de tombe ?",la croyance qu'il était toujours en vie
Quel statut sacré est donné à Matswa après sa mort ?,martyr
Qui dirige le culte de Matswa ?,Simon Kimbangu
Qui a longtemps été suspecté du meurtre de Matswa ?,l'administration coloniale
Qui participe à diriger l'amicale au congo belge ?,Prosper Mahoukou
Quelle ville est une étape de Matswa pour atteindre le Congo Belge ?,Bangui
Qui a remplacé le gouverneur Renard ?,François-Joseph Reste de Roca
Dans quel pays se situe la ville de Jos ?,Nigeria
En quelle date s'évade-t-il ?,17 septembre 1935
Que trouve-t-on en face de l'abbaye Saint Victor ?,le célèbre Four des navettes
Quand a été batie la boulangerie Four des navettes ?,1781
Qu'est ce que le Four des navettes?,la plus ancienne boulangerie de Marseille
Qu'est ce qu'Endoume ?,une localité | une localité du 7e arrondissement de Marseille
A quel département la ville de Marseille est-elle rattachée ?,Bouches-du-Rhône
Quel pape a proposé une analyse de la parabole du fils prodigue ?,Benoît XVI
"Quels sont les deux fondements qui permettent de caractériser, selon Benoît XVI, une relation mûre entre parent et enfant ?",la reconnaissance et sur l'amour authentique
Comment désigne-t-on un acte ou une vertu qui se fait sincèrement et avec engagement ?,authentique
Quel est le contraire de l'adjectif négatif ?,positif
Qui a utilisé la parabole du fils prodigue dans des enseignements sur le judaïsme et l'Eglise ?,"plusieurs théologiens, dont saint Pierre Chrysologue"
Pendant quelle période la paraboile du Fils prodigue a-t-elle été utilisée par les théologiens ?,entre le Ve et VIIIe siècles
Qui a été la personne qui a porté la parole de l'amour de Dieu ?,Jésus-Christ rédempteur
Quel événement a provoqué la présence d'un représentant humain de Dieu sur terre ?,la rupture causée par le Péché originel
Quel religion est symbolisée par le fils aîné dans la parabole du fils prodigue ?,judaïsme | le judaïsme
Quel animal a offert le père à son fils aîné ?,un chevreau
A quoi a servi le chevreau offert par le père à son fils aîné ?,pour festoyer avec mes amis
Comment le fils prodigue a-t-il dilapidé sa fourtune d'après le fils aîné ?,avec des courtisanes
Quel est l'état d'espirt du fils aîné envers la situation du retour du fils prodigue ?,ne comprend pas l'attitude de son Père
Quel animal a été sacrifié en l'honneur du retour du fils prodigue ?,le veau gras
Quel événement a conduit le fils prodigue à revenir auprès de son père ?,se retrouvant sous le joug d'un autre maître | Après avoir dilapidé sa fortune
Quel sentiment le père du fils prodigue a-t-il ressenti à l'arrivée de son fils ?,compassion
Qui a été en charge d'organiser la fête de retour du fils prodigue ?,serviteurs
Quel animal a été tué et mangé lors de la fête en l'honneur du retour du fils prodigue ?,le veau gras
Quelles sont les deux qualités du père du fils prodigue ?,riche et doux
Comment appelle-t-on les histoires qui contiennent un enseignement ou une morale ?,paraboles
Quel évangéliste de la Bible raconte la parabole du Fils prodigue ?,Luc
Après quelles paraboles la parabole du GFils prodigue apparaît-elle ?,les paraboles de la Brebis égarée et celle de la Drachme perdue | la Brebis égarée et celle de la Drachme perdue
Comment appelle-t-on un ensemble de trois oeuvres ?,trilogie
Comment qualifie-t-on une personne qui pardonne facilement et profondément ?,miséricordieux
Pickering avait-il de grosses attentes quant au travail de Leavitt ?,je doute que Pickering ait pensé qu'elle ait pu faire une importante découverte
Où peuvent se lire la publication des résultats de Leavitt ?,elle publia ses résultats dans les Annales de l'Observatoire astronomique de l'Université Harvard
En quelle année a-t-elle rendu ses résultats publics ?,1908
Leavitt a-t-elle poursuivi ses recherches après sa première publication ?,"Après des études plus approfondies, elle confirma en 1912"
A quelle variable Leavitt a-t-elle relié la luminosité des étoiles ?,période de variation des étoiles
Qui était l'employeur de Leavitt à l'Observatoire de l'Université de Harvard ?,"Edward Charles Pickering | Leavitt commence à travailler en tant qu'une des femmes 'calculatrices', embauchée par Edward Charles Pickering"
Quel est le salaire final de Leavitt ?,"0,30 dollar | Plus tard, elle sera payée 0,30 dollar de l'heure pour son travail"
Leavitt a-t-elle obtenu un diplôme de Harvard ?,diplôme qu'elle ne validera jamais
Est-ce que les femmes avaient le droit d'utiliser des téléscopes dans les années 1900 ?,"Au début des années 1900, les femmes n'étaient pas autorisées à se servir de télescopes"
Quel était le travail de Leavitt à l'Observatoire de l'Université de Harvard ?,mesurer et cataloguer la luminosité des étoiles en fonction de leur apparition dans la collection de plaques photographiques de l'observatoire
Qu'est ce qui a accéléré la création de la BT49?,l'utilisation d'éléments de la BT48 | utilisation d'éléments de la BT48
En combien de temps est elle terminée ?,six semaines
Qui possède Brabham?,Bernie Ecclestone
Qu'est ce qui est à l'origine de la création de la voiture ?,championnat du monde de Formule 1
Quand a été inventée la voiture?,en 1979 | 1979
Qui finit second de la compétition ?,l'Argentin Carlos Reutemann
Quelle est la voiture de Carlos Reutemann ?,Williams FW07
Combien de course Piquet finit-il lors de sa saison ?,dix des quinze courses
Pourquoi la suspension virtuellement rigode est-elle obligatoire en cours automobile ?,pour maintenir un niveau de conduite performant | maintenir un niveau de conduite performant
Où s'est joué le titre ?,Las Vegas | à Las Vegas sur le gigantesque parking du Cæsars Palace
Où commence-t-il sur scène ?,Théâtre de l'Œuvre
En quelle année commence-y-il sa carrière ?,1953 | en 1953
Combien de temps sera-t-il sur scène ?,la décennie
Dans quelle type de pièce joue-t-il ?,pièces de Shakespeare
Quel rôle jouera-t-il auprès de Nelly Borgeaud ?,"Péricles, prince de Tyr"
"Sur quelle ligne l'association ""Non au CDG Express"" souhaite-t-elle qu'il y ait des trains plus souvent ?",sur la ligne K du Transilien
"Que propose l'association ""Non au CDG Express"" pour relier l'aéroport de Roissy à la gare de Mitry-Claye ?",de mettre en place une navette
Combien coûterait la solution mise en avant par le comité des usagers du RER B ?,quelques millions
"Que propose l'association ""Non au CDG Express"" ?",augmenter la fréquence des trains sur la ligne K du Transilien | d'augmenter la fréquence des trains sur la ligne K du Transilien
"Que suggère l'association ""Non au CDG Express"" sur la ligne K ?",d'augmenter la fréquence des trains
Comment s'appelle le préfet de région ?,Michel Cadot
Quelle est la fonction d'Élisabeth Borne ?,ministre des Transports
À quelles conditions peut on envisager que la mise en service du CDG Express soit repoussée après 2024 selon Michel Cadot ?,s'il apparaissait que la construction de ce train rapide devait entraîner des retards dans la rénovation du RER B | retards dans la rénovation du RER B
Quelle hypothèse est confirmée par Michel Cadot en mars 2019 ?,l'hypothèse d'une mise en service au tout début de 2024 ou même à la toute fin de 2023 est crédible
"Selon la ministre des Transports, à quel horizon la mise en service de la liaison CDG Express est elle prévue ?",à l'horizon 2024
Quand le Parlement a-t-il voté le projet CDG Express ?,en décembre 2016
Quel réseau ferroviaire les navettes pourraient utiliser dans la proposition de Pierre Serne ?,le réseau de lignes à grande vitesse
Dans quelles circonstances la ligne de Roissy a-t-elle été indisponible en décembre 2016 ?,à la suite d'une importante rupture de caténaire
Quelle ligne a été inutilisable en décembre 2016 ?,la ligne de Roissy
Quelles seraient les économies d'investissement en  infrastructures dans la proposition de Pierre Serne ?,"1,7 milliard | 1,7 milliard d'euros"
Quel est la finalité du projet de prolongement du tunnel piéton de Chateau-Landon ?,rendre aisée la correspondance entre CDG Express et le RER E
Qu'est-ce qui va pouvoir faciliter la correspondance entre le CDG Express et le RER E ?,le prolongement du tunnel piéton Chateau-Landon
Quel transport en commun dessert déjà le quartier de la gare du Nord et de la gare de l'Est ?,RER B | le RER B
De quels quartiers le CDG Express ne fournira pas de desserte directe ?,des quartiers d'affaires de la Défense et de Paris-Saint-Lazare
Par quel moyen de transport les quartiers de La Défense et de Saint-Lazare ?,le RER E
Quelles seraient les implications de l'utilisation des viaducs ferroviaires par le CDG Express ?,nuisances sonores | les nuisances sonores
Pourquoi le CDG Express emprunterait des viaducs ferroviaires ?,nuisances sonores | pour relier la gare de l'Est au réseau de la gare du Nord
Sur quelle plage horaire le CDG Express emprunterait il les viaducs ferroviaires ?,de 5 h à 1 h du matin
Quel projet d'aménagement devrait aller avec la création du CDG Express ?,aménagement du grand pôle unique gare de l'Est – gare RER Magenta – gare du Nord | l'aménagement du grand pôle unique gare de l'Est – gare RER Magenta – gare du Nord
Pour qui l'utilisation des viaducs ferroviaires par le CDG Express créerait des nuisances sonores ?,pour les habitants
Que faut-il que les personnes listent ?,Elles doivent aussi dresser la liste de leur participation aux manifestations
"Quel moyen matérialise l'engagement des ""revenants"" ?",Un formulaire est adressé à chaque personne
Que doivent promettre ceux qui reviennent ?,"s'engager à ne pas protester «en dehors des limites de la loi», à ne pas publier de contenu insultant les autorités et à coopérer avec les agents de sécurité"
Y a-t-il des interpellations ?,Certaines personnes sont arrêtées
Qui essaie de retourner en Syrie ?,certains réfugiés tentent de regagner la Syrie
Qui est le haut commissaire des Nations unies pour les réfugiés ?,António Guterres
Quelle est la plus grande crise de notre ère ?,La crise des réfugiés syriens
Combien de personnes environ ont fui la Syrie durant la crise syrienne ?,quatre millions
Dans quels pays les syriens ont-il fui durant la crise syrienne ?,"Jordanie, Liban, Turquie, Irak ou Kurdistan irakien"
Pourquoi les syriens ont ils fui durant la crise syrienne ?,Pour échapper aux violences
Ou est situé Lyon ?,Située entre le Massif central à l'ouest et le massif alpin à l'est
Qu'était Lyon à l origine ?,capitale des Gaules
Titre de l'archevêque de Lyon,primat des Gaules
Origine de la prospérité de Lyon,"par la soierie, puis par l'apparition des industries notamment textiles, chimiques, et plus récemment, par l'industrie de l'image | la soierie"
Secteur de prospérité recente,industrie de l'image
quand a eu lieu l'élection du du directeur général de l'UNESCO ?,en 1999
Quand a eu lieu le retour des Etats-Unis ?,2003 | en 2003
Qaund l'UNESCO s'est-elle engagée dans un plan de réduction des dépenses ?,2003 | en 2003
au profit de quoi la réduction nette du budget a-t-elle eu lieu ?,"au profit de programmes désormais financés, et donc aussi pilotés ou gérés, par des États membres ou des entreprises commerciales | de programmes désormais financés"
quand le courrier de l'UNESCO est-il de nouveau publié ?,à partir de 2017
Quelles ont été les conséquences du rapport MacBride ?,UNESCO a introduit les programmes La Société de l'information pour tous et Vers les sociétés du savoir
Quelles ont été les priorités de l'UNESCO en matière de libre circulation de l'information à l'après-guerre ?,la reconstitution et les besoins des moyens de communication de masse partout dans le monde
Qui sont les bénéficiaires des programmes de l'UNESCO à partir des années 1950 ?,journalistes
Quel a été le rôle de Sean MacBride ?,Président de la Commission
"Qu'ont accueilli les villes de Genève et Tunis, respectivement en 2003 et 2005 ?",Sommets mondiaux sur la société de l'information
Quand a débuté le projet de l'éducation de la base dans la vallée de Marbial ?,1947
A quel public s'adresse le programme pour une éducation de base de l'UNESCO ?,"tous, enfants, jeunes et adultes"
Quel autre pays a suivi le projet de l'éducation de base ?,Haïti | Afghanistan
Quel est l'objectif de l'UNESCO avec le programme pour l'éducation de base ?,"instituer un enseignement primaire obligatoire, gratuit et universel"
Quel événement a lancé le mouvement global pour une éducation de base pour tous ?,la Conférence mondiale sur l'éducation pour tous
Qui a permis le retour de l'Afrique du Sud au sein de l'Unesco ?,Nelson Mandela
Quelle est la profession de Claude Lévi-Strauss ?,anthropologues
Pourquoi l'Afrique du Sud décide de s'éloigner de l'Unesco ?,Estimant quelques publications de l'UNESCO comme une ingérence dans les problèmes raciaux du pays
Quelles est l'idéologie qui postule une hiéarchie des races et mène à des actes discriminants ?,racisme | le racisme
Quelle est la forme institutionnelle de l'Afrique du Sud ?,République
Quel est le mouvement qui se considère contre l'Eglise et les institutions religieuses ?,UNESCO | anticléricalisme
Quelles ont été les conséquences institutionnelles de la révision en 1954 de l'Acte constitutif de l'UNESCO ?,changement de gouvernance
Quels épisodes historiques sont particulièrement marquants dans la deuxième partie du 20ème siècle ?,"la guerre froide, de la décolonisation et de la dissolution de l’URSS"
Comment caractérise-t-on le fait d'être sceptique vis à vis de la religion ?,agnosticisme
Quelles sont les conséquences institutionnelles de la révision de l'Acte constitutif de l'UNESCO ?,la collaboration des États dans les domaines de compétence de l’UNESCO
Quelle est la dette cumulée des États-Unis en 2017 ?,500 millions de dollars
En quelle année la Palestine est-elle devenue un membre de l'UNESCO ?,En 2011 | 2011
Quelle est la part du budget de l'UNESCO assurée par les États-Unis ?,22 %
Quel est le nouveau budget de l'UNESCO ?,507 millions de dollars américains
Quel problème pose l'admission de la Palestine à l'UNESCO ?,préjudiciable « aux pourparlers potentiels de paix »
Comment sont choisies les personnalités de la Commission internationale de coopération intellectuelle ?,élues pour leurs compétences personnelles
Quel est le statut de la Commission internationale de coopération intellectuelle ?,un organe consultatif
Quel événement provoque le fin du travail des prédécesseurs de l'UNESCO ?,la Seconde Guerre mondiale
Dans quelle ville siège la commission de l'UNESCO en charge de la coopération intellectuelle sur le plan international ?,Genève
Dans quel domaine le Bureau international d'éducation agit-il ?,le domaine éducatif
Quelle capitale européenne n'a pas intégré ses banlieues proches dans son évolution au fil des ans ?,Paris
Quelle est la densité de population dans la banlieue parisienne proche ?,9 000 hab./km2
Quelle est la surface de la capitale française et sa banlieue ?,761 km2
Combien de personnes vivent en périphérie de la capitale russe ?,300 000
Quelle aire Moscou recouvre-t-elle ?,1 100 km2
Comment s'appelle le périphérique de Moscou ?,MKAD
D'où part le canal de Moscou ?,Moskova
Combien mesure le canal de Moscou ?,128 kilomètres
Quelle est la vitesse moyenne du courant de la Moskova ?,120 m3/s
Qu'est la Moskova par rapport à l'Oka ?,un affluent
Quelle institution russe est construite à l'ouest du quartier Taganski ?,Le Kremlin
Quel fleuve est surplombé par le Kremlin ?,Moskova
Comment s'appelle le lieu où est érigé le Kremlin ?,Khodynka ou Borovaïa
Dans quel sens s'écoule la rivière qui traverse Moscou ?,du nord-est au sud-ouest
Quel est le cours d'eau qui traverse Moscou ?,Moskova
Quelles infrastructures sont sous-développées dans la capitale russe ?,ses structures routières
Qu'est-ce qui fait le prestige de Moscou ?,nombreuses institutions universitaires et culturelles
Qu'est-ce qui a été le problème de Moscou dans son développement récent ?,Les écarts socio-économiques
Quelle est la principale cause de l'augmentation de la pauvreté à Moscou ?,l'augmentation du coût de la vie
A quelle hauteur la capitale russe contribue-t-elle à la richesse du pays ?,25 %
Quel est le climat à Moscou ?,froid et continental
Comment appelle-t-on les gens qui vivent à Moscou ?,Moscovites
Dans quel pays se trouve Moscou ?,Russie
Quelle est la ville la plus peuplée en Europe ?,Moscou
Combien la capitale russe compte-t-elle d'habitants en 2017 ?,douze millions
Quelle est l'ambition du palais de Tsaritsyno ?,devenir un grand musée d'art international
Qui a créé le musée des beaux-arts Pouchkine ?,le père de la poétesse Marina Tsvetaeva
Quelles oeuvres issues de l'art occidental sont présentes au musée Pouchkine ?,Claude Monet ou Paul Cézanne que celles de Pablo Picasso | peintures
A quel musée anglais compare-t-on le musée Pouchkine ?,British Museum de Londres
Pourquoi dit-on que le musée Pouchkine ressemble au British Museum ?,ses salles sont un croisement des civilisations du monde
Quelle politique architecturale est mise en place aujourd'hui à Moscou ?,rénovation de l'architecture pré-communiste
Pour quelle raison a été décidée la réhabilation de l'architecture pré-communiste ?,afin de redonner tout son éclat au centre historique de la ville
Par quels types d'architecture se caractérisent les quartiers de l'ancien Arbat et la rue Tverskaïa ?,impériale ou bourgeoise
Quels bâtiments ont été relativement bien préservés par l'époque communiste ?,églises orthodoxes
Quels bâtiments rappellent l'époque impériale à Moscou ?,Le quartier de l'ancien Arbat et les ruelles de la rue Tverskaïa | palais
Quels sentiment ont éprouvé les constructeurs de l'hôtel Moskva après la signature du projet par Staline ?,crainte
Combien de propositions a reçu Staline pour l'architecture de l'hôtel Moskva ?,deux projets différents | deux
Quels bâtiments hauts ont été construits sous l'époque communiste ?,gratte-ciel staliniens
Quelle forme a la façade de l'hôtel Moskva ?,asymétrique
A quel endroit la façade de l'hôtel Moskva a particulièrement été modifiée ?,sur la place des Théâtres
Quel est la forme géométrique de la tour Choukhov ?,hyperboloïdes
Quel mouvement artistique et architectural s'applique au nouvelles construction de Choukhov ?,constructiviste
Quels types de construction d'habitation est apparue à l'époque soviétique ?,ensembles résidentiels collectifs
Quelle forme prennent les commerces construits par Choukhov ?,galeries
Quel est le métier de Vladimir Choukhov ?,architecte
Quels édifices religieux sont très présents dans la ville ?,églises orthodoxes | nombreuses églises orthodoxes
A quelle période la ville connaît des changements architecturaux majeurs ?,époque soviétique
Quels bâtiments détruits sous l'époque soviétiques ont été refaits au début du 20ème siècle ?,deux cathédrales | la cathédrale de Kazan et la cathédrale du Christ-Sauveur
Quel chef soviétique décide de lancer une politique de changement de la ville ?,Joseph Staline
Combien de voies contenaient les avenues construites par Staline ?,jusqu'à dix voies | dix
Ou trouve t'on la population la plus aisée de Moscou ?,dans les quartiers occidentaux du centre-ville | les quartiers occidentaux du centre-ville | quartiers occidentaux du centre-ville comme le vieux quartier de l'Arbat
Que fait t'on dans les rocades circulaires ?,dédié au commerce et aux communications | commerce et aux communications
Quels sont les quartiers les plus récents de Moscou ?,Kountsévo et Sérébriany
Quel rue est est considéré comme présitigieuse et animées ?,la rue Tverskaïa (rue de Tver
Comment sont relié Moscou et ses régions voisines ?,routes radiales (prospekt
Qui dirige l'Union Soviétique en 1936 ?,Joseph Staline
Quel bâtiment de la capitale soviétique est évoqué ?,La Loubianka
Pourquoi l'Union Soviétique est qualifiée de dictature sanglante ?,l'élimination physique au minimum de plus de 600 000 personnes et à la déportation au Goulag de plus d'un million de personnes
Quel adjectif peut-on donner au procès de Moscou ?,truqués
Quelle est la sensibilité politique de Joseph Staline ?,communiste
Qui est l’architecte ?,Daniel Perry
Quel est le style du bâtiment ?,classique | néoclassique
A quoi fait penser cette construction ?,temple de la Grèce Antique | un temple de la Grèce Antique
Qui est à l’origine du futur musée ?,Daniel Perry | Sterling Clark
Où est installé l’architecte ?,Long Island | à Long Island
Sur quel site français sterling Clark avait-il un projet  ?,le Petit Palais
Comment se prénomme le frère de sterling Clark ?,Stephen
Où sterling Clark a-t-il acquis des bâtiments ?,au cœur de New York entre la 71eme rue et la 5e Avenue
Que craint sterling Clark dans le projet de new-york ?,elle souffrirait aussi de la comparaison avec d’autres collections de musées plus importants | la comparaison avec d’autres collections de musées plus importants
Par quelle collection sterling Clark est-il fasciné ?,Frick Collection | la Frick Collection
À quelle guerre Robert sterling Clark participe-t-il ?,Première Guerre mondiale | la Première Guerre mondiale
Quelle œuvre de Toulouse lautrec figure dans la collection de sterling clark ?,la lithographie Jane Avril
Quelle entreprise fabrique les machines à coudre singer ?,Singer Manufacturing Company | la Singer Manufacturing Company
Quand Robert sterling Clark arrive-t-il à Paris ?,1910 | en 1910
Quelle était le métier de l’épouse de Robert sterling Clark ?,actrice | actrice de la Comédie-Française
Qui dirige le Clark art Institute ?,Olivier Meslay
Depuis quand Olivier meslay est-il directeur du Clark art Institute ?,depuis août 2016 | août 2016
Quelle période concerne les collections ?,XIVe siècle jusqu’au début XXe siècle | du XIVe siècle jusqu’au début XXe siècle
Qu’est-ce que le Clark art Institute ?,un musée d'art
Où est le Clark art Institute ?,Williamstown | à Williamstown
Où le roi fait-il l'apologie de Du Bosc ?,dans la chambre de la reine
Quelle rumeur se propage ?,la prochaine suppression des Chambres de l’édit de Paris et de Rouen | suppression des Chambres de l’édit de Paris et de Rouen | le bruit de la prochaine suppression des Chambres de l’édit de Paris et de Rouen
Quelle opinion le roi a-t-il de Du Bosc ?,l’homme le plus éloquent de son royaume | homme le plus éloquent de son royaume
Que souhaitent obtenir les représentants des églises ?,prochaine suppression des Chambres de l’édit de Paris et de Rouen se répandit | une audience du roi
Qui écoute le général Du Bosc ?,Louis XIV
Qui soutient Du Bosc ?,"Montausier, Turenne, Ruvigny, le premier écuyer Béringhen"
Qu'obtient Du Bosc de Le Tellier ?,ne plus recevoir d’accusation contre lui
Que produit Du Bosc pendant son exil ?,Une correspondance assez active et quelques travaux littéraires
Quand Du Bosc sera-t-il autorisé à rentrer en Normandie ?,15 décembre 1664
De quel représentant étatique haut placé Du Bosc obtint-il le soutien ?,Le Tellier
Qui souhaite exiler Du Bosc de Caen ?,Jésuites
De quoi est accusé Du Bosc par les jésuites ?,"aurait parlé, en termes peu mesurés, de l’autorité royale"
Que pense Du Bosc du droit divin ?,le roi était l’image de Dieu sur terre
Que doivent les français au roi selon Du Bosc ?,obéissance passive
Qui s'attire l'antipathie des Jésuites ?,Du Bosc
A qui demande-t-on de monter à Paris ?,Du Bosc
Que pense l'église de Caen de Du Bosc ?,fière
Pourquoi Du Bosc refuse de quitter Caen ?,ne désirant pas se séparer d’un troupeau qu’il affectionnait
Quelle organisation souhaite que Du Bosc monte à Paris ?,consistoire de Charenton | le consistoire de Charenton
Quelle est la religion de Massanes ?,protestante
A quel âge Pierre Du Bosc devient pasteur renommé ?,vingt-troisième année
Quelle est la profession de Brochart ?,pasteurs
Où travaille Du Bosc ?,Caen
Quelle activité Du Bosc effectuail-t-il pour le consistoire ?,discours d’apparat à adresser à un grand personnage
Quand Du Bosc devient-il pasteur à Caen ?,le 15 novembre 1645
c'est quoi la différenciation en cellules de merkel?,arrivée des terminaisons nerveuses (amyéliniques participant à la sensibilité épicritique) cutanées et se poursuit jusqu'à la deuxième semaine post-natale chez les rongeurs
qui a les cellules de merkel?,chez l'embryon
où se trouve la couche basale?,ne sont retrouvées au niveau des couches supérieures qu'en cas de dénervation
où se cocalisent les cellules de merkel?,au niveau de la couche basale épidermique
c'est quoi les cellules de Merkel?,proviennent de précurseurs épidermiques issus de la couche basale
Qui s'occupe de tuer le couple ?,Bardotto et Gesualdo
Qui est l'épouse ?,Maria d'Avalos
Qui est Laura ?,entremetteuse
Où sont les serviteurs de Bardotto ?,antichambre
Quelles sont les armes en possession de Gesualdo ?,"une épée bien affûtée, une dague, un poignard et une petite arquebuse | épée bien affûtée, une dague, un poignard et une petite arquebuse"
Qu'a eu pour conséquence la mort de la femme de Carlo ?,"L'issue tragique de ses noces est à l'origine de la célébrité de Gesualdo, devenu le « compositeur meurtrier » de l'histoire de la musique"
Comment l'union de Maria et Carlo a pris fin ?,"par l'assassinat de Maria et de son amant Fabrizio Carafa, duc d'Andria"
Comment s'appelle le fils de Carlo et Maria ?,Emmanuele
De quel sexe a été le premier enfant de Carlo et Maria ?,fils
Comment s'appelle la conjointe de Carlo Gesualdo ?,Maria
Qu'a eu pour conséquence la mort du frère de Carlo Gesualdo ?,"Cet événement fait de Carlo, âgé de dix-huit ans, l'unique héritier des titres et domaines de son père"
Quel age avait le frère de Carlo Gesualdo à sa mort ?,vingt et un ans
Comment s'appelait le frère de Carlo Gesualdo ?,Luigi
Comment est mort le frère de Carlo Gesualdo ?,chute de cheval et meurt des suites de cet accident
Quand est mort le frère de Carlo Gesualdo ?,En 1585
Carlo Gesualdo fut-il destiné à une carrière ecclésiastique ?,"Denis Morrier observe qu'« il n'en fut rien. Selon toute vraisemblance, Carlo passa sa jeunesse à étudier"
Qui sont les parents de Carlo Gesualdo?,Fabrizio Gesualdo et de Geronima Borromeo
Qui est parmi les grands oncles de Carlo Gesualdo ?,le pape Pie IV
Qui est parmi ses oncles ?,les cardinaux Alfonso Gesualdo et saint Charles Borromée
Dans quel type de famille a grandi Carlo Gesualdo ?,au sein d'une famille aristocratique
Que fait Bardotto ?,apporta l'eau à son maître et l'aida à s'habiller
Quel activité a choisi le maitre ?,chasser
Quand s'est déroulé le meurtre ?,sixième heure de la nuit
Quelle est la réaction de Bardotto ?,Étonné
Que constate le serviteur ?,le petit porche de la porte donnant sur la rue était ouvert
Est-ce que l'oeuvre de Gesualdo inspire ?,Elle inspire également de nombreux compositeurs
Comment la majorité des compositeurs reconnaissent Gesualdo ?,un maître doué d'une personnalité ambiguë et fascinante
Dans quel domaine musicale exerce Gesualdo ?,dans le domaine harmonique en particulier
En quelle année les oeuvres de Gesualdo ont été redécouvertes ?,À partir des années 1950
Quels oeuvres de Guesaldo ont été rédécouvertes ?,"ses partitions, interprétées en concert ou enregistrées sur disques"
Pourquoi Carlo Gesualdo a assassiné sa première épouse ?,surpris tous deux en situation d'adultère
Qu'a fais Carlo Guesaldo pour défrayé la chronique ?,assassinant sa première épouse et en faisant assassiner l'amant de celle-ci
Quand Carlo Guesualdo a défrayé la chronique ?,1590
Qui est prince de Venosa ?,Carlo Gesualdo
Qui est Carlo Gusualdo ?,compositeur et membre de la noblesse italienne de la fin de la Renaissance
Pour qui Gesualdo cherche-t-il à arranger un mariage ?,fils Emanuele | son fils Emanuele
A cause de qui Emanuele se voit-il privé de sa maman ?,son père
Auprès de qui Gesualdo cherche-t-il une épouse pour son fils ?,son beau-frère
Où Gesualdo chercha-t-il une épouse pour son fils ?,hors d'Italie
Comment s'appelle l'enfant né du mariage du fils de Gesulado et de sa femme ?,Carlo
De qui Le Caravage et Christopher Marlowe sont-ils contemporains ?,Carlo Gesualdo
Comment les 3 personnages sont-ils décédés ?,dans d'étranges circonstances
Comment est décrite la période de la Renaissance ?,"entre traditions figées, guerres de religion, renouveau artistique et révolution copernicienne | traditions figées, guerres de religion, renouveau artistique et révolution copernicienne"
En quelle année est décédé Christopher Marlowe ?,1593
En quelle année est né Le Caravage ?,1571
Qui est le signataire des lettres de dédicaes des deux derniers livres ?,Don Pietro Cappuccio
De quand date les lettres de dédicaces des deux derniers livres ?,juin 1611
Que revendique Gesualdo ?,qualités musicales
Comment certains compositeurs supplèe à la apuvreté de leur génie,par un art frauduleux
Comment fraude certains compositeurs ?,en s'attribuant à eux-mêmes de nombreux beaux passages des œuvres de Votre Excellence
Comment s'appelle la oeuvre de Gesualdo ?,Ne reminiscaris Domine
Quand est parue la pre?mière oeuvre connue de Gesualdo,1585
Qui est maître de la cathédrale de Bari en 1585 ?,Stefano Felis
Qui est le prince de Venosa ?,Don Carlo Gesualdo
Comment est parue le premiermottet ?,de manière anonyme
Quelle était la réputation du lien que Gesualdo entretenait avec la musique?,manquait totalement de ce détachement aristocratique
"Que voulait dire le mot ""spezzatura"" pour la noblesse de l'époque?",voulait qu'une personne de haute condition sût beaucoup sans jamais le montrer
Jusqu'a quelle époque remonte l'usage d ela sprezzatura?,antiquité grecque et latine | à l'antiquité grecque et latine
A quelle personne Saint Simon prête la qualité de sprezzatura?,Madame de Sévigné
La spezzatura est-elle cantonnée seulement à l'Italie?,Cette pratique n'a d'ailleurs rien de spécifiquement italien
Quelle est la profession de Carlo Gesualdo ?,compositeur
Quand les parents de Carlo Gesualdo se sont-ils epousés ?,13 février 1561
De qui alphonso Gesualdo est il l'oncle ?,compositeur
De qui Pie IV est il l'oncle ?,la mère du compositeur
Qui est Pie IV ?,pape
Qu'est-ce qui sont incorporées dans l'ouvrage de Robletti ?,All'ombra degli amori et Come vivi cor mio
Quels sont les deux madrigaux à cinq voix de l'ouvrage collectif publié par Guagano et Nucci ?,T'amo mia vita et La mia cara vita
A quelle date a été publiée la production rédigée collégialement ?,Theatro de madrigali a cinque voci
Quelle est la particuliarité de l'oeuvre publiée en 1616 ?,canzonetta à cinq voix
Quel est le titre du livre publié à Rome ?,Huitième livre de madrigaux de Pomponio Nenna
Quel est le titre de noblesse de Charles Gesualdo ?,"Charles Gesualdo, prince de Venose"
D'où Charles Gesualdo est marquis ?,"Lamo, Rotondo et San Stefano | de Lamo, Rotondo et San Stefano"
À quelle maison est apparenté Carlo Gesualdo ?,à la maison d'Este
À qui est alliée la maison d'Este ?,Carlo Gesualdo | duché de Ferrare
Quelle est la profession de Carlo Gesualdo ?,musicien
Quelle est la vision de l'amour propre à la noblesse ?,"protestations d'attachement éternel, serments non tenus, engagements réciproques, alliances familiales de même rang, ventes et achats de terrains, marchandages continuels et contrats "
De quel corps fait partie le cardinal ?,membres du clergé 
Quels types de personnes constituent une noblesse ?,la cour où il était tenu de paraître et les membres de sa famille occupant de hautes fonctions auprès du pape
Qu'écrivait Guesaldo dans ses lettres ?,"Dans leur correspondance, officielle ou privée, ce ne sont que protestations d'attachement éternel, serments non tenus, engagements réciproques"
Comment sait-on qu'Alfonso Guesaldo est important ?,illustrissime cardinal 
Quel est le but de la Convention de Carthagène ?,"protéger, développer et gérer les eaux communes, de façon individuelle ou conjointe"
Combien de contractants a la Convention de Carthagène ?,21 États
Quelle est la date d'entrée en vigueur de la Convention de Carthagène ?,11 octobre 1986 | le 11 octobre 1986
Quelle est la date d'adoption de la Convention de Carthagène ?,le 24 mars 1983
Quel est le surnom de la Convention pour la Protection et le Développement de l'Environnement marin de la région de la Grande Caraïbe ?,Convention de Carthagène
Où est situé la façade caraïbe du continent américain ?,étend de l'Amérique centrale aux plateau des Guyanes en passant par les plaines côtières de Colombie et du Venezuela
Quelles sont les Iles Lucayes ?,Bahamas et les îles Turques-et-Caïques
Les îles Lucayes sont situés dans quel arc ?,arc antillais
Avec quoi les Caraïbes sont-elles souvent confondues ?,les Antilles
Que comprend les Antilles ?,les Grandes Antilles et les Petites Antilles
Combien y a-t-il d'espèces d'amphibien sur l'île de Cuba ?,170 espèces d'amphibiens
Combien y a-t-il d'espèces de mammifères sur l'île de Cuba ?,90 | 90 espèces de mammifères
Combien d'espèces d'oiseaux y a-t-il sur l'île de Cuba?,environ 600 espèces d'oiseaux
Combien d'espèces endémiques y a-t-il sur l'île de Cuba ?,6500 | plus de 6500 espèces endémiques
Combien y a-t-il d'espèces sur l'île de Cuba ?,près de 13 000 espèces
"En début d'année 2005, France Info est classé à quelle position dans le top 10 des radios française ?",elle se classe quatrième radio de France
Comment s'appelle le baromètre pour Le Point et La Croix ?,baromètre Sofres
Comment a été jugée la radio d'information par le baromètre Sofres ?,parmi l'une des trois radios les plus crédibles en 2004
Quel pourcentage d'audience à été cumulée sur la période citée ?,"9,7 % d'audience"
"A combien d'auditeur représente les 9,7% d'audience ?","environ 4,9 millions d'auditeurs"
Qui était le mari de Benazir Bhutto?,Asif Ali Zardari
Quel parti a gagné les élections législatives de 2008 au Pakistan?,PPP
Qui était le second premier ministre de Asif Ali Zardari?,Raja Pervez Ashraf
Qui était Premier ministre du Pakistan avant Raja Pervez Ashraf?,Youssouf Raza Gilani
Qui était le premier Premier ministre de Asif Ali Zardari?,Youssouf Raza Gilani
Qui organise l'insurrection islamise dans le nord ouest du Pakistan ?,talibans
En quelle année Musharraf devient président ?,2001
Que fait voter Musharraf en 2003 ?,des amendements à la Constitution renforçant son pouvoir
En quelle année est attaquée la Mosquée rouge ?,2007
Que fait voter Musharraf en 2006 ?,la loi de protection des femmes
Qui a été élu Premier ministre du Pakistan en 1990?,Nawaz Sharif
Pourquoi Nawaz Sharif a-t-il démissioné en 1993?,en conflit avec le président
Qui a été élu Premier ministre du Pakistan en 1993?,Benazir Bhutto
Qui a destitué Benazir Bhutto en 1996?,Farooq Leghari
Qui était le Premier ministre de Farooq Leghari?,Benazir Bhutto
Combien de chrétiens vivent au Pakistan ?,Près de 3 millions
Que rencontrent les chrétiens ?,de nombreuses discriminations
Où vivent les chrétiens ?,dans des bidonvilles
De quoi sont victimes les chrétiens ?,"conversions forcées | de conversions forcées, notamment envers les femmes"
Quelles postes sont difficiles d'accès pour les chrétiens ?,"aux hauts postes exécutifs, administratifs et politiques | hauts postes exécutifs, administratifs et politiques"
Quelle conséquence a eu la partition des Indes ?,La partition des Indes en 1947 a provoqué des massacres des minorités religieuses
Combien de femme subissent des conversions ou des mariages forcés chaque année ?,300
Quand a eu lieu la partition des Indes ?,1947
Combien d'hindous ont émigré ?,Plusieurs millions
Quelles violences ont subis les Hindous avant d'émigrer ?,des campagnes d'extermination physique et culturelle
Pourquoi le Pakistan a-t-il été créé ?,le pays ayant été créé pour les musulmans du sous-continent indien
Que dit la loi sur le blasphème ?,Muhammad Zia-ul-Haq | loi sur le blasphème qui prévoit la peine de mort pour les personnes qui auraient dénigré Mahomet notamment
Que fait Muhammad Zia-ul-Haq ?,lance une politique d'islamisation brutale
Quelle est la religion du Pakistan ?,L'islam
Quand a été instauré la loi su la protection des femmes ?,2006 | En 2006
Qu'est ce qui a réduit la marge de manoeuvre des opposant politiques au Pakistan à partir de 1979?,un régime autoritaire où la loi martiale est imposée | Le général instaure un régime autoritaire où la loi martiale est imposée jusqu'en 1985
Qui meurt dans un crash aérien le 17 août 1988?,le chef de l'armée Zia-ul-Haq
Quelles sont les conséquences de la politique d'islamisation de Zia?,Les ordonnances Hudood mettent en place la charia et le blasphème est interdit en 1986
Quelles sont les conséquences du régime autoritaire pour Benazir Bhutto?,"emprisonnés | les opposants politiques emprisonnés, dont Benazir Bhutto"
Quand la loi martiale a-t-elle été abrogée au Pakistan?,la loi martiale est imposée jusqu'en 1985
Est-ce que les origins du Pakistan sont liées à l;Inde ?,Le Pakistan a un passé et une histoire culturelle très liés à l'Inde actuelle
Est-ce que Pakistan et l'Inde ont une histoire commune ?,très liés | Pakistan a un passé et une histoire culturelle très liés à l'Inde actuelle | les deux pays sont les héritiers de la même histoire commune
Quels sont les empires qui ont administrée dans une époque l'actuelle région du Pakistan ?,"Aryens, Perses, Ghaznavides, Seldjouks, Arabes, Rajputs, Moghols"
Quel endroit est particulier et important de la civilisation de la vallée de l'Indus ?,Le site de Mohenjo-daro
Quel site peut etre identifié de l'age du bronze en Pakistan ?,Mohenjo-daro | Le site de Mohenjo-daro
Quelle longueur totale a le réseau de transports pakistanai ?,8 775 kilomètres
Quelles destinations dessert le réseau de transports pakistanais ?,toutes les principales villes pakistanaises
Est-ce qu'il y a des accidents dans le réseau de transports pakistanais ?,les catastrophes ferroviaires sont fréquentes
Quand était la plus grave catastrophe ferroviaire en Pakistan ?,le 4 janvier 1990 | En 2005 et 2007
Quelle est la différence entre la durée synodique de la lune calculée par Kidinnu et la valeur actuelle ?,environ une demi-seconde
Quelle est la durée moyenne entre deux nouvelles lunes ?,"29,53 jours environ"
Quelle est la durée du mois synodique selon Kidinnu ?,"29 j 12 h 44 min 3,3 s | 29,53 jours environ"
Quelle est la durée moyenne entre de nouvelles lunes au solstice d'hiver ?,"29,84 jours"
Combien de jours séparent deux nouvelles lunes au moment du solstice d'été en moyenne ?,"29,27"
Sous quelles conditions le mois de chaabane est considéré comme ayant 30 jours ?,"si le ciel est nuageux et ne permet pas l'observation visuelle du croissant de lune, le soir du 29e jour de chaabane | si le ciel est nuageux"
Quel est le premier jour de l'année dans le calendrier musulman ?,le premier jour du premier mois de mouharram
Quel mois précède le mois du ramadan dans le calendrier musulman ?,Le mois de chaabane
Quel est le premier mois de l'année dans le calendrier musulman ?,mouharram
Quel mois débute après la fin du mois de chaabane ?,mois de ramadan
"En 2005, dans quel pays a-t-on fêté l'Aïd el-Fitr le 2 novembre ?",en Libye
"En 2005, quel était le jour de la fête de l'Aïd el-Fitr au Maroc ?",vendredi 4 novembre
"En 2005, dans combien de pays a-t-on fêté l'Aïd el-Fitr le 3 novembre ?",30 pays
Quelle fête a-t-on célébrée le 3 novembre 2005 en Tunisie ?,Aïd el-Fitr | l’Aïd el-Fitr
A quelle date du calendrier hégirien correspondait au 3 novembre 2005 dans le calendrier grégorien en Égypte ?,le 1er chawwal 1426
Qu'est-ce qui s'appuie sur l'observation humaine de la lune ?,le calendrier musulman
Sur quoi s'appuie le calendrier musulman ?,l'observation mensuelle de la nouvelle lune à l'œil nu
Qu'est-ce qui n'est pas possible avec le calendrier musulman ?,"de gérer des activités à long terme, de prévoir, de programmer et d'organiser à l'avance tout ce qui doit l'être"
Quelle est la conséquence du fait que chaque communauté procède à ses propres observations du cycle de la lune ?,une panoplie de calendriers
Pourquoi y a-t-il une multitude de calendriers ?,observation mensuelle individuelle de la nouvelle lune | chaque État et communauté musulmane de la planète procède à l'observation mensuelle individuelle de la nouvelle lune
Quelle est l'amplitude des différences de data de début de mois entre les différents pays musulmans ?,d'un jour ou deux | un jour ou deux seulement
Quelle méthode utilisent les musulmans pour déterminer le commencement du mois ?,l'observation à l'œil nu
Quelle méthode n'est pas utilisée par les musulmans pour connaître le début du mois ?,le calcul astronomique
Quel sera le dernier jour de l'année 1442 du calendrier hégirien ?,le 9 août 2021
Qui n'utilise pas le calcul astronomique pour connaître le commencement du mois ?,les musulmans
Que fait de Brissot?,de Brissot s’oppose à la thèse du complot puis condamne les massacres
Combien de journaux s'accomodent des massacres pendant qu'ils ont lieu?,Vingt
Quel est la profession de Gorsas?,journaliste
Qui s'oppose à la thèse du complot?,de Brissot
Qu'est-ce que Louvet décrit dans La sentinelle?,Les dangers que font courir les aristocrates et les traîtres
Dans quel journal Fréron publie-t-il?,L'Orateur du peuple
Quel auteur est plus impitoyable que Marat?,Fréron
A partir de quand les appels de Marat sont-ils repris par la presse?,fin août 1792
Combien de temps est interrompu la publication du journal?,trois semaines
Quel journal est utilisé par Marat pour inciter le peuple à agir?,L’Ami du peuple
Que décrit l'article publié le 3 septembre par le Journal universel?,les horreurs commises dans les territoires occupés par l’envahisseur
Qu'a publié le Journal universel le 2 septembre?,Les Révolutions de Paris dans leur numéro des 25 août et 1er septembre
Quel est le sujet de la lettre?,les sévices que ferait subir l’armée des coalisés aux patriotes
Quand la lettre est-elle parue dans les journaux à Paris?,les 2 et 3 septembre suivants
D'où est venu le Plan des forces coalisées contre la France?,d’Allemagne
Pourquoi le tribunal du 17 août relâche-t-il des suspects?,faute de preuves
Combien de personnes ont été condamnées à mort entre le 17 août et le 26 août?,trois
Où a été organisée la cérémonie en mémoire des morts du 10 août?,aux Tuileries
Quand les portes de Paris ont été fermées?,le 29 août au soir à 22 heures
Quel jour s'est déroulée la cérémonie en mémoire des morts du 10 août?,le 23 août
De quoi sont suspectés les administrateurs du comité de surveillance ?,d'avoir dépouillé leurs victimes
Quelle est la profession de celui qui suspecté les administrateurs du comité de surveillance d'avoir volé les victimes ?,journaliste
Qui pointe du doigt les administrateurs du comité ?,Roch Marcandier
Dans quel ouvrage Roch Marcandier porte-t-il ses accusations contre les administrateurs du comité ?,Les hommes de Proie
Quelle institution est soupçonnée d'abus de position dominante ?,Commune | La Commune
De quoi Panis est il suspecté ?,abusé de ses fonctions comme membre du comité de surveillance | avoir abusé de ses fonctions comme membre du comité de surveillance | d'avoir abusé de ses fonctions comme membre du comité de surveillance
Qui prend l'initiative de sanctionner Panis ?,conseil général de la Commune | le conseil général de la Commune
À qui sont transmis les éléments du dossier ?,au conseil exécutif
Qui transmet les éléments au conseil exécutif ?,le Conseil général
Quell mesure est prise contre Panis dès septembre 1792 ?,un double arrêté
Qui aurait prévenu Danton ?,Alquier
Qui aurait volé les bijoux des prisonniers ?,François Héron
Combien de personnes ont été tuées ce soir là aux écuries de la Reine ?,treize
À quelle fonction ont été affecté les écuries de la Reine ?,maison d'arrêt
Qui a été suspecté du vol des bagages des détenus ?,Claude Fournier
Combien de prisonniers ont échappé au massacre ?,huit
Qui était le maire de Versailles au moment du massacre ?,Hyacinthe Richaud
Qui a tué les 44 prisonniers ?,La foule
Où la foule accroche-t-elle les têtes des prisonniers exécutés ?,sur les grilles du château
Combien de personnes ont été massacrées ?,quarante-quatre
Que seraient-ils parvenus à obtenir suite à une distortion des propos tenus par d'autres individus concernés ?,une indemnité | indemnité
Comment les participants au massacre ont-ils été surnommés ?,septembriseurs
Qu'est ce que les septembriseurs auraient perçu suite à leur participation ?,rétribution
Qui fut l'historien relevant une abondance d'évenements perturbants ?,F. Bluche
Qu'auraient fait les individus placés hiérarchiquement au dessus des perpéteurs de ce massacre ?,rétribution des tueurs | fermer les yeux
Sur la pensée de quel auteur s’appuie Claude Gautier ?,"Claude Gautier, inspiré de Hume"
Comment Michelet explique t il les violences ?,Michelet explique les massacres par le jeu des circonstances
Qu’est ce qui peut créer la crainte dans une société ?,dans
quelle est la cause des violences pour Michelet ?,Michelet explique les massacres par le jeu des circonstances
Quelle peut être la cause des actes barbares commis par une société ?,le jeu des circonstances | une
Qui était une femme d'âge mûr ?,cette cousine des rois de Sardaigne et de France
À quel âge la princesse est-elle devenue veuve ?,19 ans 
La princesse était-elle vieille ?,âge mur | une femme d'âge mur | femme d'âge mur
La princesse a t elle été renvoyée de la cour par Marie Antoinette ?,disgrâce
La princesse était elle de la même famille que Marie Antoinette ?,parente
Moab est-il un désert ?,les plaines désertiques de Moab
Que s'est-il passé entre les montagnes Garizim et Ebal ?,renouvellement de l'alliance par Josué | renouvellement de l'alliance
Où se situe Guilgal ?,à la limite orientale de Jéricho
Qui s'écroule face à l'arche d'alliance ?,Josué
Quelle ville se trouve dans le désert ?,Shittim
Où se trouve la chapelle de l'Arche d'alliance ?,dans un enclos séparé de l'église Sainte-Marie-de-Sion
Qui a désigné le gardien de la chapelle de l'Arche d'alliance ?,son prédécesseur
Quand l'empereur d'Éthiopie a-t-il été tué ?,en 1975
Comment l' empereur d'Éthiopie est il mort ?,assassiné
Comment s'appelle l'église où serait conservée l'Arche d'alliance dans la tradition éthiopienne ?,Sainte-Marie-de-Sion
Qui a sculpté l’arche d’alliance ?,Béséléel
En quel type d’arbre est fabriquée l’arche ?,acacia
Comment s’appelle le couvercle de l’arche d’alliance ?,propitiatoire
Quelle est la largeur du propitiatoire ?,une coudée et demie
Quelle est la largeur de l’arche d’alliance ?,une coudée et demie
Comment est traduit aron en latin ?,arca
Qui met Moïse dans un panier ?,Yokébed
Où se trouve le tabernacle de l’exode ?,Arche d'alliance
Dans quelle langue est écrite la Vulgate ?,latin
Sur quel fleuve est abandonné Moshé ?,Nil
Où la légende est-elle racontée ?,Dans le second livre des Maccabées
Qui est Balaq ?,le roi de Moab
Que font Balaq et Baalam sur le mont Pisga ?,observer le peuple israélite avant le franchissement du Jourdain
Que fait Jérémie après avoir caché l'arche ?,il obstrue l'entrée
Quand l'arche a-t-elle été camouflée ?,VIe siècle avant l'ère chrétienne | au VIe siècle avant l'ère chrétienne
Où se situe l'arche d'alliance sous le règne du roi Jonas ?,à Jérusalem sous le règne du roi Joas mais n'est plus dans le temple de Salomon
Après quel évènement arrête-t-on d'en parler ?,Après sa mise en place dans le sanctuaire
A qui le souverain demande-t-il de ne plus porter l'arche ?,aux lévites
Qu'est ce qu'Edras ?,un livre apocryphe
Qu'est ce qui ne fait pas partie des objets ramenés de Babylone ?,L'arche d'alliance
COmment réagit un cheval entier si une jument se trouve à proximité?,il peut s'emballer en sentant sa présence et tout faire pour aller la rejoindre
Pourquoi castrer un cheval?,adoucir son comportement et le rendre plus facile à maîtriser
De quoi dépend avant tout le caractère?,l'éducation et de l'origine | éducation et de l'origine de chaque cheval | de l'éducation et de l'origine de chaque cheval
Qulles sont les races d'étalon les plus dociles?,les races rustiques et les races de trait
COmment peuvent être les hongres castrés?,caractériels
"A quelle date a été créé le terme ""hongre""?",les années 1100
"que signifie ""hongrer""?",procédure de castration | châtrer les chevaux de monte
Comment traduire hongre en anglais?,gelding
"De quel pays est originaire le terme ""hongre""?",turque
"Que signifie ""hongre"" en vieux norrois?",stérile
Depuis quand la bourse de Brême a-t-elle adopté le programme BIFOS ?,À partir de 1990
Pourquoi la Bourse de Brême a-t-elle diminué le seuil minimal de négociation continue ?,pour rendre les échanges attrayant pour les prêteurs du secteur privé
Pour quel public la Bourse de Brême a-t-elle étendu les heures de négociation ?,les prêteurs du secteur privé | pour les prêteurs du secteur privé
Quel a été l'effet de l'ensemble des mesures prises par la Bourse de Brême ?,reprise significative de l'activité de négociation | une reprise significative de l'activité de négociation
Quelles dispositions ont été prises pour attirer les prêteurs du secteur privé ?,la réduction de la limite inférieure de négociation continue et l'expansion significative des heures de négociation
Où se trouve le restaurant de la Nouvelle Bourse ?,dans le sous-sol
À quelle période architecturale appartient la Nouvelle Bourse ?,Style néo-gothique | néo-gothique
Qu'est-ce qui se trouve au sous-sol de la Nouvelle Bourse ?,un restaurant
Qui a occupé les bureaux de la Nouvelle Bourse ?,la Bürgerschaft de Brême
Qui a décoré l'intérieur de la Nouvelle Bourse ?,"des artistes bien connus de l'époque, y compris les peintres Arthur Fitger et P. Janssen et le sculpteur Diedrich Samuel Kropp | les peintres Arthur Fitger et P. Janssen et le sculpteur Diedrich Samuel Kropp"
Avec le soutien de quelle institution la Guilde publie-t-elle la deuxième Ordonnance ?,Sénat | du Sénat
À quelle époque la situation économique des marchands s'est elle embellie ?,dans les années 1820
Quelle nouvelle fonction la troisième Ordonnance confère-t-elle à la Chambre de Commerce ?,le rôle de surveillance du commerce
Quel texte confère à la Chambre de Commerce une fonction de surveillance du commerce ?,Une 3e Ordonnance
Quand le texte qui donne à la Chambre de Commerce un rôle de surveillance a-t-il été publié ?,1849 | en 1849
Où se situe la salle de négoce de l'Ancienne bourse ?,Au rez-de-chaussée
De quel style architectural est l'Ancienne bourse ?,de style baroque
Quelle pièce a été refaite à la fin du XVIIIeme siècle ?,Le bureau
De quelle époque date la reconstruction du bureau ?,fin du XVIIIe siècle
Quelles étaient les activités principales de l'Ancienne bourse ?,"l'immobilier, les marchandises, et les transactions bancaires"
Quels étaient les principaux centres de commerce de Brême à la fin du Moyen Âge ?,la Bremer Marktplatz et le passage du Liebfrauenkirchhof
Où ont été détruites les habitations pour aménager un marché d'échanges de marchandises ?,à l'extrémité sud du passage de Liebfrauenkirchhof
Combien de maisons ont été détruites pour aménager le marché d'échanges de marchandises ?,28
À quelle époque vient la volonté de développer un marché central d'échange de marchandises ?,au début du XVIIe siècle
Combien de voûtes ont été bâties pour entreposer le vin ?,Vingt-et-un
Qui a mandaté un rapport a l’OCDE Concernant l’Anvar?,Gouvernement français
Sur quoi l’Anvar s’appuyait-il pour aider les PME?,un réseau étendu et bien structuré et de compétences reconnues
Quand la performance des aides a l’innovation a-t-elle été évaluée?,à la fin des années 1980
Quels types d’entreprise peuvent faire appel a BPIfrance?,petites et moyennes entreprises
Quel est l’ancien nom de BPI france?,ANVAR
A qui doit s’adresser une entreprise qui innove pour obtenir un  prêt à l’exportation?,bpifrance
Quel risque était pris en charge par le dispositif d’aide à l’innovation avant 2012?,risques Coface à l'exportation
