Method,Top_K,RRF_K,Model,Recall,NDCG,MRR,Time_Taken_Sec,Time_Dense,Time_Sparse,Time_RRF,Time_Colbert,Time_CrossEncoder
default,10,10,dense,0.5245,0.404,0.3657,1530.46,9.32,111.95,0.26,678.18,560.42
default,10,10,sparse,0.5125,0.3981,0.3618,1530.46,9.32,111.95,0.26,678.18,560.42
default,10,10,rrf,0.5646,0.4335,0.3918,1530.46,9.32,111.95,0.26,678.18,560.42
default,10,10,colbert,0.5986,0.4928,0.4589,1530.46,9.32,111.95,0.26,678.18,560.42
default,10,10,cross_encoder,0.6176,0.5552,0.5351,1530.46,9.32,111.95,0.26,678.18,560.42
default,10,20,dense,0.5245,0.404,0.3657,1530.46,9.32,111.95,0.26,678.18,560.42
default,10,20,sparse,0.5125,0.3981,0.3618,1530.46,9.32,111.95,0.26,678.18,560.42
default,10,20,rrf,0.5646,0.4336,0.3919,1530.46,9.32,111.95,0.26,678.18,560.42
default,10,20,colbert,0.5986,0.4928,0.4589,1530.46,9.32,111.95,0.26,678.18,560.42
default,10,20,cross_encoder,0.6176,0.5552,0.5351,1530.46,9.32,111.95,0.26,678.18,560.42
default,10,60,dense,0.5245,0.404,0.3657,1530.46,9.32,111.95,0.26,678.18,560.42
default,10,60,sparse,0.5125,0.3981,0.3618,1530.46,9.32,111.95,0.26,678.18,560.42
default,10,60,rrf,0.5646,0.4336,0.3919,1530.46,9.32,111.95,0.26,678.18,560.42
default,10,60,colbert,0.5986,0.4928,0.4589,1530.46,9.32,111.95,0.26,678.18,560.42
default,10,60,cross_encoder,0.6176,0.5552,0.5351,1530.46,9.32,111.95,0.26,678.18,560.42
default,10,80,dense,0.5245,0.404,0.3657,1530.46,9.32,111.95,0.26,678.18,560.42
default,10,80,sparse,0.5125,0.3981,0.3618,1530.46,9.32,111.95,0.26,678.18,560.42
default,10,80,rrf,0.5646,0.4336,0.3919,1530.46,9.32,111.95,0.26,678.18,560.42
default,10,80,colbert,0.5986,0.4928,0.4589,1530.46,9.32,111.95,0.26,678.18,560.42
default,10,80,cross_encoder,0.6176,0.5552,0.5351,1530.46,9.32,111.95,0.26,678.18,560.42
default,10,100,dense,0.5245,0.404,0.3657,1530.46,9.32,111.95,0.26,678.18,560.42
default,10,100,sparse,0.5125,0.3981,0.3618,1530.46,9.32,111.95,0.26,678.18,560.42
default,10,100,rrf,0.5646,0.4336,0.3919,1530.46,9.32,111.95,0.26,678.18,560.42
default,10,100,colbert,0.5986,0.4928,0.4589,1530.46,9.32,111.95,0.26,678.18,560.42
default,10,100,cross_encoder,0.6176,0.5552,0.5351,1530.46,9.32,111.95,0.26,678.18,560.42
default,10,150,dense,0.5245,0.404,0.3657,1530.46,9.32,111.95,0.26,678.18,560.42
default,10,150,sparse,0.5125,0.3981,0.3618,1530.46,9.32,111.95,0.26,678.18,560.42
default,10,150,rrf,0.5646,0.4336,0.3919,1530.46,9.32,111.95,0.26,678.18,560.42
default,10,150,colbert,0.5986,0.4928,0.4589,1530.46,9.32,111.95,0.26,678.18,560.42
default,10,150,cross_encoder,0.6176,0.5552,0.5351,1530.46,9.32,111.95,0.26,678.18,560.42
default,10,300,dense,0.5245,0.404,0.3657,1530.46,9.32,111.95,0.26,678.18,560.42
default,10,300,sparse,0.5125,0.3981,0.3618,1530.46,9.32,111.95,0.26,678.18,560.42
default,10,300,rrf,0.5646,0.4336,0.3919,1530.46,9.32,111.95,0.26,678.18,560.42
default,10,300,colbert,0.5986,0.4928,0.4589,1530.46,9.32,111.95,0.26,678.18,560.42
default,10,300,cross_encoder,0.6176,0.5552,0.5351,1530.46,9.32,111.95,0.26,678.18,560.42
default,30,10,dense,0.5856,0.4189,0.3696,1530.46,9.32,111.95,0.26,678.18,560.42
default,30,10,sparse,0.5786,0.414,0.3658,1530.46,9.32,111.95,0.26,678.18,560.42
default,30,10,rrf,0.6316,0.452,0.3985,1530.46,9.32,111.95,0.26,678.18,560.42
default,30,10,colbert,0.6406,0.503,0.4615,1530.46,9.32,111.95,0.26,678.18,560.42
default,30,10,cross_encoder,0.6476,0.5626,0.537,1530.46,9.32,111.95,0.26,678.18,560.42
default,30,20,dense,0.5856,0.4189,0.3696,1530.46,9.32,111.95,0.26,678.18,560.42
default,30,20,sparse,0.5786,0.414,0.3658,1530.46,9.32,111.95,0.26,678.18,560.42
default,30,20,rrf,0.6316,0.4518,0.3986,1530.46,9.32,111.95,0.26,678.18,560.42
default,30,20,colbert,0.6406,0.503,0.4615,1530.46,9.32,111.95,0.26,678.18,560.42
default,30,20,cross_encoder,0.6476,0.5626,0.537,1530.46,9.32,111.95,0.26,678.18,560.42
default,30,60,dense,0.5856,0.4189,0.3696,1530.46,9.32,111.95,0.26,678.18,560.42
default,30,60,sparse,0.5786,0.414,0.3658,1530.46,9.32,111.95,0.26,678.18,560.42
default,30,60,rrf,0.6316,0.4511,0.3978,1530.46,9.32,111.95,0.26,678.18,560.42
default,30,60,colbert,0.6406,0.503,0.4615,1530.46,9.32,111.95,0.26,678.18,560.42
default,30,60,cross_encoder,0.6476,0.5626,0.537,1530.46,9.32,111.95,0.26,678.18,560.42
default,30,80,dense,0.5856,0.4189,0.3696,1530.46,9.32,111.95,0.26,678.18,560.42
default,30,80,sparse,0.5786,0.414,0.3658,1530.46,9.32,111.95,0.26,678.18,560.42
default,30,80,rrf,0.6316,0.4509,0.3976,1530.46,9.32,111.95,0.26,678.18,560.42
default,30,80,colbert,0.6406,0.503,0.4615,1530.46,9.32,111.95,0.26,678.18,560.42
default,30,80,cross_encoder,0.6476,0.5626,0.537,1530.46,9.32,111.95,0.26,678.18,560.42
default,30,100,dense,0.5856,0.4189,0.3696,1530.46,9.32,111.95,0.26,678.18,560.42
default,30,100,sparse,0.5786,0.414,0.3658,1530.46,9.32,111.95,0.26,678.18,560.42
default,30,100,rrf,0.6316,0.4509,0.3976,1530.46,9.32,111.95,0.26,678.18,560.42
default,30,100,colbert,0.6406,0.503,0.4615,1530.46,9.32,111.95,0.26,678.18,560.42
default,30,100,cross_encoder,0.6476,0.5626,0.537,1530.46,9.32,111.95,0.26,678.18,560.42
default,30,150,dense,0.5856,0.4189,0.3696,1530.46,9.32,111.95,0.26,678.18,560.42
default,30,150,sparse,0.5786,0.414,0.3658,1530.46,9.32,111.95,0.26,678.18,560.42
default,30,150,rrf,0.6316,0.4509,0.3976,1530.46,9.32,111.95,0.26,678.18,560.42
default,30,150,colbert,0.6406,0.503,0.4615,1530.46,9.32,111.95,0.26,678.18,560.42
default,30,150,cross_encoder,0.6476,0.5626,0.537,1530.46,9.32,111.95,0.26,678.18,560.42
default,30,300,dense,0.5856,0.4189,0.3696,1530.46,9.32,111.95,0.26,678.18,560.42
default,30,300,sparse,0.5786,0.414,0.3658,1530.46,9.32,111.95,0.26,678.18,560.42
default,30,300,rrf,0.6316,0.4513,0.3981,1530.46,9.32,111.95,0.26,678.18,560.42
default,30,300,colbert,0.6406,0.503,0.4615,1530.46,9.32,111.95,0.26,678.18,560.42
default,30,300,cross_encoder,0.6476,0.5626,0.537,1530.46,9.32,111.95,0.26,678.18,560.42
default,50,10,dense,0.6096,0.4235,0.3702,1530.46,9.32,111.95,0.26,678.18,560.42
default,50,10,sparse,0.6086,0.4197,0.3666,1530.46,9.32,111.95,0.26,678.18,560.42
default,50,10,rrf,0.6507,0.4576,0.4015,1530.46,9.32,111.95,0.26,678.18,560.42
default,50,10,colbert,0.6567,0.506,0.462,1530.46,9.32,111.95,0.26,678.18,560.42
default,50,10,cross_encoder,0.6557,0.5641,0.5372,1530.46,9.32,111.95,0.26,678.18,560.42
default,50,20,dense,0.6096,0.4235,0.3702,1530.46,9.32,111.95,0.26,678.18,560.42
default,50,20,sparse,0.6086,0.4197,0.3666,1530.46,9.32,111.95,0.26,678.18,560.42
default,50,20,rrf,0.6507,0.4565,0.4004,1530.46,9.32,111.95,0.26,678.18,560.42
default,50,20,colbert,0.6567,0.506,0.462,1530.46,9.32,111.95,0.26,678.18,560.42
default,50,20,cross_encoder,0.6557,0.5641,0.5372,1530.46,9.32,111.95,0.26,678.18,560.42
default,50,60,dense,0.6096,0.4235,0.3702,1530.46,9.32,111.95,0.26,678.18,560.42
default,50,60,sparse,0.6086,0.4197,0.3666,1530.46,9.32,111.95,0.26,678.18,560.42
default,50,60,rrf,0.6507,0.4548,0.3984,1530.46,9.32,111.95,0.26,678.18,560.42
default,50,60,colbert,0.6567,0.506,0.462,1530.46,9.32,111.95,0.26,678.18,560.42
default,50,60,cross_encoder,0.6557,0.5641,0.5372,1530.46,9.32,111.95,0.26,678.18,560.42
default,50,80,dense,0.6096,0.4235,0.3702,1530.46,9.32,111.95,0.26,678.18,560.42
default,50,80,sparse,0.6086,0.4197,0.3666,1530.46,9.32,111.95,0.26,678.18,560.42
default,50,80,rrf,0.6507,0.4544,0.3979,1530.46,9.32,111.95,0.26,678.18,560.42
default,50,80,colbert,0.6567,0.506,0.462,1530.46,9.32,111.95,0.26,678.18,560.42
default,50,80,cross_encoder,0.6557,0.5641,0.5372,1530.46,9.32,111.95,0.26,678.18,560.42
default,50,100,dense,0.6096,0.4235,0.3702,1530.46,9.32,111.95,0.26,678.18,560.42
default,50,100,sparse,0.6086,0.4197,0.3666,1530.46,9.32,111.95,0.26,678.18,560.42
default,50,100,rrf,0.6507,0.4544,0.3979,1530.46,9.32,111.95,0.26,678.18,560.42
default,50,100,colbert,0.6567,0.506,0.462,1530.46,9.32,111.95,0.26,678.18,560.42
default,50,100,cross_encoder,0.6557,0.5641,0.5372,1530.46,9.32,111.95,0.26,678.18,560.42
default,50,150,dense,0.6096,0.4235,0.3702,1530.46,9.32,111.95,0.26,678.18,560.42
default,50,150,sparse,0.6086,0.4197,0.3666,1530.46,9.32,111.95,0.26,678.18,560.42
default,50,150,rrf,0.6507,0.454,0.3975,1530.46,9.32,111.95,0.26,678.18,560.42
default,50,150,colbert,0.6567,0.506,0.462,1530.46,9.32,111.95,0.26,678.18,560.42
default,50,150,cross_encoder,0.6557,0.5641,0.5372,1530.46,9.32,111.95,0.26,678.18,560.42
default,50,300,dense,0.6096,0.4235,0.3702,1530.46,9.32,111.95,0.26,678.18,560.42
default,50,300,sparse,0.6086,0.4197,0.3666,1530.46,9.32,111.95,0.26,678.18,560.42
default,50,300,rrf,0.6507,0.4544,0.3981,1530.46,9.32,111.95,0.26,678.18,560.42
default,50,300,colbert,0.6567,0.506,0.462,1530.46,9.32,111.95,0.26,678.18,560.42
default,50,300,cross_encoder,0.6557,0.5641,0.5372,1530.46,9.32,111.95,0.26,678.18,560.42
default,80,10,dense,0.6306,0.427,0.3706,1530.46,9.32,111.95,0.26,678.18,560.42
default,80,10,sparse,0.6286,0.423,0.3669,1530.46,9.32,111.95,0.26,678.18,560.42
default,80,10,rrf,0.6597,0.4591,0.4015,1530.46,9.32,111.95,0.26,678.18,560.42
default,80,10,colbert,0.6597,0.5065,0.462,1530.46,9.32,111.95,0.26,678.18,560.42
default,80,10,cross_encoder,0.6597,0.5647,0.5373,1530.46,9.32,111.95,0.26,678.18,560.42
default,80,20,dense,0.6306,0.427,0.3706,1530.46,9.32,111.95,0.26,678.18,560.42
default,80,20,sparse,0.6286,0.423,0.3669,1530.46,9.32,111.95,0.26,678.18,560.42
default,80,20,rrf,0.6597,0.4589,0.4015,1530.46,9.32,111.95,0.26,678.18,560.42
default,80,20,colbert,0.6597,0.5065,0.462,1530.46,9.32,111.95,0.26,678.18,560.42
default,80,20,cross_encoder,0.6597,0.5647,0.5373,1530.46,9.32,111.95,0.26,678.18,560.42
default,80,60,dense,0.6306,0.427,0.3706,1530.46,9.32,111.95,0.26,678.18,560.42
default,80,60,sparse,0.6286,0.423,0.3669,1530.46,9.32,111.95,0.26,678.18,560.42
default,80,60,rrf,0.6597,0.4559,0.3983,1530.46,9.32,111.95,0.26,678.18,560.42
default,80,60,colbert,0.6597,0.5065,0.462,1530.46,9.32,111.95,0.26,678.18,560.42
default,80,60,cross_encoder,0.6597,0.5647,0.5373,1530.46,9.32,111.95,0.26,678.18,560.42
default,80,80,dense,0.6306,0.427,0.3706,1530.46,9.32,111.95,0.26,678.18,560.42
default,80,80,sparse,0.6286,0.423,0.3669,1530.46,9.32,111.95,0.26,678.18,560.42
default,80,80,rrf,0.6597,0.455,0.3971,1530.46,9.32,111.95,0.26,678.18,560.42
default,80,80,colbert,0.6597,0.5065,0.462,1530.46,9.32,111.95,0.26,678.18,560.42
default,80,80,cross_encoder,0.6597,0.5647,0.5373,1530.46,9.32,111.95,0.26,678.18,560.42
default,80,100,dense,0.6306,0.427,0.3706,1530.46,9.32,111.95,0.26,678.18,560.42
default,80,100,sparse,0.6286,0.423,0.3669,1530.46,9.32,111.95,0.26,678.18,560.42
default,80,100,rrf,0.6597,0.4549,0.397,1530.46,9.32,111.95,0.26,678.18,560.42
default,80,100,colbert,0.6597,0.5065,0.462,1530.46,9.32,111.95,0.26,678.18,560.42
default,80,100,cross_encoder,0.6597,0.5647,0.5373,1530.46,9.32,111.95,0.26,678.18,560.42
default,80,150,dense,0.6306,0.427,0.3706,1530.46,9.32,111.95,0.26,678.18,560.42
default,80,150,sparse,0.6286,0.423,0.3669,1530.46,9.32,111.95,0.26,678.18,560.42
default,80,150,rrf,0.6597,0.4546,0.3966,1530.46,9.32,111.95,0.26,678.18,560.42
default,80,150,colbert,0.6597,0.5065,0.462,1530.46,9.32,111.95,0.26,678.18,560.42
default,80,150,cross_encoder,0.6597,0.5647,0.5373,1530.46,9.32,111.95,0.26,678.18,560.42
default,80,300,dense,0.6306,0.427,0.3706,1530.46,9.32,111.95,0.26,678.18,560.42
default,80,300,sparse,0.6286,0.423,0.3669,1530.46,9.32,111.95,0.26,678.18,560.42
default,80,300,rrf,0.6597,0.4549,0.3971,1530.46,9.32,111.95,0.26,678.18,560.42
default,80,300,colbert,0.6597,0.5065,0.462,1530.46,9.32,111.95,0.26,678.18,560.42
default,80,300,cross_encoder,0.6597,0.5647,0.5373,1530.46,9.32,111.95,0.26,678.18,560.42
with_titles,10,10,dense,0.5295,0.4126,0.3753,1365.39,5.64,77.3,0.23,613.18,557.42
with_titles,10,10,sparse,0.5225,0.4078,0.3711,1365.39,5.64,77.3,0.23,613.18,557.42
with_titles,10,10,rrf,0.5696,0.4455,0.4054,1365.39,5.64,77.3,0.23,613.18,557.42
with_titles,10,10,colbert,0.5996,0.4995,0.4671,1365.39,5.64,77.3,0.23,613.18,557.42
with_titles,10,10,cross_encoder,0.6216,0.5601,0.5403,1365.39,5.64,77.3,0.23,613.18,557.42
with_titles,10,20,dense,0.5295,0.4126,0.3753,1365.39,5.64,77.3,0.23,613.18,557.42
with_titles,10,20,sparse,0.5225,0.4078,0.3711,1365.39,5.64,77.3,0.23,613.18,557.42
with_titles,10,20,rrf,0.5696,0.4463,0.4065,1365.39,5.64,77.3,0.23,613.18,557.42
with_titles,10,20,colbert,0.5996,0.4995,0.4671,1365.39,5.64,77.3,0.23,613.18,557.42
with_titles,10,20,cross_encoder,0.6216,0.5601,0.5403,1365.39,5.64,77.3,0.23,613.18,557.42
with_titles,10,60,dense,0.5295,0.4126,0.3753,1365.39,5.64,77.3,0.23,613.18,557.42
with_titles,10,60,sparse,0.5225,0.4078,0.3711,1365.39,5.64,77.3,0.23,613.18,557.42
with_titles,10,60,rrf,0.5696,0.4462,0.4064,1365.39,5.64,77.3,0.23,613.18,557.42
with_titles,10,60,colbert,0.5996,0.4995,0.4671,1365.39,5.64,77.3,0.23,613.18,557.42
with_titles,10,60,cross_encoder,0.6216,0.5601,0.5403,1365.39,5.64,77.3,0.23,613.18,557.42
with_titles,10,80,dense,0.5295,0.4126,0.3753,1365.39,5.64,77.3,0.23,613.18,557.42
with_titles,10,80,sparse,0.5225,0.4078,0.3711,1365.39,5.64,77.3,0.23,613.18,557.42
with_titles,10,80,rrf,0.5696,0.4462,0.4064,1365.39,5.64,77.3,0.23,613.18,557.42
with_titles,10,80,colbert,0.5996,0.4995,0.4671,1365.39,5.64,77.3,0.23,613.18,557.42
with_titles,10,80,cross_encoder,0.6216,0.5601,0.5403,1365.39,5.64,77.3,0.23,613.18,557.42
with_titles,10,100,dense,0.5295,0.4126,0.3753,1365.39,5.64,77.3,0.23,613.18,557.42
with_titles,10,100,sparse,0.5225,0.4078,0.3711,1365.39,5.64,77.3,0.23,613.18,557.42
with_titles,10,100,rrf,0.5696,0.4462,0.4064,1365.39,5.64,77.3,0.23,613.18,557.42
with_titles,10,100,colbert,0.5996,0.4995,0.4671,1365.39,5.64,77.3,0.23,613.18,557.42
with_titles,10,100,cross_encoder,0.6216,0.5601,0.5403,1365.39,5.64,77.3,0.23,613.18,557.42
with_titles,10,150,dense,0.5295,0.4126,0.3753,1365.39,5.64,77.3,0.23,613.18,557.42
with_titles,10,150,sparse,0.5225,0.4078,0.3711,1365.39,5.64,77.3,0.23,613.18,557.42
with_titles,10,150,rrf,0.5696,0.4462,0.4064,1365.39,5.64,77.3,0.23,613.18,557.42
with_titles,10,150,colbert,0.5996,0.4995,0.4671,1365.39,5.64,77.3,0.23,613.18,557.42
with_titles,10,150,cross_encoder,0.6216,0.5601,0.5403,1365.39,5.64,77.3,0.23,613.18,557.42
with_titles,10,300,dense,0.5295,0.4126,0.3753,1365.39,5.64,77.3,0.23,613.18,557.42
with_titles,10,300,sparse,0.5225,0.4078,0.3711,1365.39,5.64,77.3,0.23,613.18,557.42
with_titles,10,300,rrf,0.5696,0.4462,0.4064,1365.39,5.64,77.3,0.23,613.18,557.42
with_titles,10,300,colbert,0.5996,0.4995,0.4671,1365.39,5.64,77.3,0.23,613.18,557.42
with_titles,10,300,cross_encoder,0.6216,0.5601,0.5403,1365.39,5.64,77.3,0.23,613.18,557.42
with_titles,30,10,dense,0.5876,0.4266,0.3789,1365.39,5.64,77.3,0.23,613.18,557.42
with_titles,30,10,sparse,0.5846,0.4225,0.3747,1365.39,5.64,77.3,0.23,613.18,557.42
with_titles,30,10,rrf,0.6226,0.4615,0.4131,1365.39,5.64,77.3,0.23,613.18,557.42
with_titles,30,10,colbert,0.6376,0.5087,0.4694,1365.39,5.64,77.3,0.23,613.18,557.42
with_titles,30,10,cross_encoder,0.6507,0.5669,0.5419,1365.39,5.64,77.3,0.23,613.18,557.42
with_titles,30,20,dense,0.5876,0.4266,0.3789,1365.39,5.64,77.3,0.23,613.18,557.42
with_titles,30,20,sparse,0.5846,0.4225,0.3747,1365.39,5.64,77.3,0.23,613.18,557.42
with_titles,30,20,rrf,0.6226,0.4607,0.4123,1365.39,5.64,77.3,0.23,613.18,557.42
with_titles,30,20,colbert,0.6376,0.5087,0.4694,1365.39,5.64,77.3,0.23,613.18,557.42
with_titles,30,20,cross_encoder,0.6507,0.5669,0.5419,1365.39,5.64,77.3,0.23,613.18,557.42
with_titles,30,60,dense,0.5876,0.4266,0.3789,1365.39,5.64,77.3,0.23,613.18,557.42
with_titles,30,60,sparse,0.5846,0.4225,0.3747,1365.39,5.64,77.3,0.23,613.18,557.42
with_titles,30,60,rrf,0.6226,0.4606,0.4123,1365.39,5.64,77.3,0.23,613.18,557.42
with_titles,30,60,colbert,0.6376,0.5087,0.4694,1365.39,5.64,77.3,0.23,613.18,557.42
with_titles,30,60,cross_encoder,0.6507,0.5669,0.5419,1365.39,5.64,77.3,0.23,613.18,557.42
with_titles,30,80,dense,0.5876,0.4266,0.3789,1365.39,5.64,77.3,0.23,613.18,557.42
with_titles,30,80,sparse,0.5846,0.4225,0.3747,1365.39,5.64,77.3,0.23,613.18,557.42
with_titles,30,80,rrf,0.6226,0.4607,0.4123,1365.39,5.64,77.3,0.23,613.18,557.42
with_titles,30,80,colbert,0.6376,0.5087,0.4694,1365.39,5.64,77.3,0.23,613.18,557.42
with_titles,30,80,cross_encoder,0.6507,0.5669,0.5419,1365.39,5.64,77.3,0.23,613.18,557.42
with_titles,30,100,dense,0.5876,0.4266,0.3789,1365.39,5.64,77.3,0.23,613.18,557.42
with_titles,30,100,sparse,0.5846,0.4225,0.3747,1365.39,5.64,77.3,0.23,613.18,557.42
with_titles,30,100,rrf,0.6226,0.4607,0.4123,1365.39,5.64,77.3,0.23,613.18,557.42
with_titles,30,100,colbert,0.6376,0.5087,0.4694,1365.39,5.64,77.3,0.23,613.18,557.42
with_titles,30,100,cross_encoder,0.6507,0.5669,0.5419,1365.39,5.64,77.3,0.23,613.18,557.42
with_titles,30,150,dense,0.5876,0.4266,0.3789,1365.39,5.64,77.3,0.23,613.18,557.42
with_titles,30,150,sparse,0.5846,0.4225,0.3747,1365.39,5.64,77.3,0.23,613.18,557.42
with_titles,30,150,rrf,0.6226,0.4607,0.4123,1365.39,5.64,77.3,0.23,613.18,557.42
with_titles,30,150,colbert,0.6376,0.5087,0.4694,1365.39,5.64,77.3,0.23,613.18,557.42
with_titles,30,150,cross_encoder,0.6507,0.5669,0.5419,1365.39,5.64,77.3,0.23,613.18,557.42
with_titles,30,300,dense,0.5876,0.4266,0.3789,1365.39,5.64,77.3,0.23,613.18,557.42
with_titles,30,300,sparse,0.5846,0.4225,0.3747,1365.39,5.64,77.3,0.23,613.18,557.42
with_titles,30,300,rrf,0.6226,0.4607,0.4123,1365.39,5.64,77.3,0.23,613.18,557.42
with_titles,30,300,colbert,0.6376,0.5087,0.4694,1365.39,5.64,77.3,0.23,613.18,557.42
with_titles,30,300,cross_encoder,0.6507,0.5669,0.5419,1365.39,5.64,77.3,0.23,613.18,557.42
with_titles,50,10,dense,0.6076,0.4304,0.3794,1365.39,5.64,77.3,0.23,613.18,557.42
with_titles,50,10,sparse,0.6086,0.427,0.3753,1365.39,5.64,77.3,0.23,613.18,557.42
with_titles,50,10,rrf,0.6486,0.4664,0.4135,1365.39,5.64,77.3,0.23,613.18,557.42
with_titles,50,10,colbert,0.6547,0.5118,0.4698,1365.39,5.64,77.3,0.23,613.18,557.42
with_titles,50,10,cross_encoder,0.6547,0.5677,0.542,1365.39,5.64,77.3,0.23,613.18,557.42
with_titles,50,20,dense,0.6076,0.4304,0.3794,1365.39,5.64,77.3,0.23,613.18,557.42
with_titles,50,20,sparse,0.6086,0.427,0.3753,1365.39,5.64,77.3,0.23,613.18,557.42
with_titles,50,20,rrf,0.6486,0.4664,0.4138,1365.39,5.64,77.3,0.23,613.18,557.42
with_titles,50,20,colbert,0.6547,0.5118,0.4698,1365.39,5.64,77.3,0.23,613.18,557.42
with_titles,50,20,cross_encoder,0.6547,0.5677,0.542,1365.39,5.64,77.3,0.23,613.18,557.42
with_titles,50,60,dense,0.6076,0.4304,0.3794,1365.39,5.64,77.3,0.23,613.18,557.42
with_titles,50,60,sparse,0.6086,0.427,0.3753,1365.39,5.64,77.3,0.23,613.18,557.42
with_titles,50,60,rrf,0.6486,0.4658,0.4132,1365.39,5.64,77.3,0.23,613.18,557.42
with_titles,50,60,colbert,0.6547,0.5118,0.4698,1365.39,5.64,77.3,0.23,613.18,557.42
with_titles,50,60,cross_encoder,0.6547,0.5677,0.542,1365.39,5.64,77.3,0.23,613.18,557.42
with_titles,50,80,dense,0.6076,0.4304,0.3794,1365.39,5.64,77.3,0.23,613.18,557.42
with_titles,50,80,sparse,0.6086,0.427,0.3753,1365.39,5.64,77.3,0.23,613.18,557.42
with_titles,50,80,rrf,0.6486,0.4657,0.4132,1365.39,5.64,77.3,0.23,613.18,557.42
with_titles,50,80,colbert,0.6547,0.5118,0.4698,1365.39,5.64,77.3,0.23,613.18,557.42
with_titles,50,80,cross_encoder,0.6547,0.5677,0.542,1365.39,5.64,77.3,0.23,613.18,557.42
with_titles,50,100,dense,0.6076,0.4304,0.3794,1365.39,5.64,77.3,0.23,613.18,557.42
with_titles,50,100,sparse,0.6086,0.427,0.3753,1365.39,5.64,77.3,0.23,613.18,557.42
with_titles,50,100,rrf,0.6486,0.4657,0.4131,1365.39,5.64,77.3,0.23,613.18,557.42
with_titles,50,100,colbert,0.6547,0.5118,0.4698,1365.39,5.64,77.3,0.23,613.18,557.42
with_titles,50,100,cross_encoder,0.6547,0.5677,0.542,1365.39,5.64,77.3,0.23,613.18,557.42
with_titles,50,150,dense,0.6076,0.4304,0.3794,1365.39,5.64,77.3,0.23,613.18,557.42
with_titles,50,150,sparse,0.6086,0.427,0.3753,1365.39,5.64,77.3,0.23,613.18,557.42
with_titles,50,150,rrf,0.6486,0.4656,0.4131,1365.39,5.64,77.3,0.23,613.18,557.42
with_titles,50,150,colbert,0.6547,0.5118,0.4698,1365.39,5.64,77.3,0.23,613.18,557.42
with_titles,50,150,cross_encoder,0.6547,0.5677,0.542,1365.39,5.64,77.3,0.23,613.18,557.42
with_titles,50,300,dense,0.6076,0.4304,0.3794,1365.39,5.64,77.3,0.23,613.18,557.42
with_titles,50,300,sparse,0.6086,0.427,0.3753,1365.39,5.64,77.3,0.23,613.18,557.42
with_titles,50,300,rrf,0.6486,0.4656,0.413,1365.39,5.64,77.3,0.23,613.18,557.42
with_titles,50,300,colbert,0.6547,0.5118,0.4698,1365.39,5.64,77.3,0.23,613.18,557.42
with_titles,50,300,cross_encoder,0.6547,0.5677,0.542,1365.39,5.64,77.3,0.23,613.18,557.42
with_titles,80,10,dense,0.6306,0.4342,0.3798,1365.39,5.64,77.3,0.23,613.18,557.42
with_titles,80,10,sparse,0.6276,0.4302,0.3756,1365.39,5.64,77.3,0.23,613.18,557.42
with_titles,80,10,rrf,0.6577,0.4684,0.4141,1365.39,5.64,77.3,0.23,613.18,557.42
with_titles,80,10,colbert,0.6577,0.5123,0.4699,1365.39,5.64,77.3,0.23,613.18,557.42
with_titles,80,10,cross_encoder,0.6577,0.5682,0.5421,1365.39,5.64,77.3,0.23,613.18,557.42
with_titles,80,20,dense,0.6306,0.4342,0.3798,1365.39,5.64,77.3,0.23,613.18,557.42
with_titles,80,20,sparse,0.6276,0.4302,0.3756,1365.39,5.64,77.3,0.23,613.18,557.42
with_titles,80,20,rrf,0.6577,0.4697,0.4159,1365.39,5.64,77.3,0.23,613.18,557.42
with_titles,80,20,colbert,0.6577,0.5123,0.4699,1365.39,5.64,77.3,0.23,613.18,557.42
with_titles,80,20,cross_encoder,0.6577,0.5682,0.5421,1365.39,5.64,77.3,0.23,613.18,557.42
with_titles,80,60,dense,0.6306,0.4342,0.3798,1365.39,5.64,77.3,0.23,613.18,557.42
with_titles,80,60,sparse,0.6276,0.4302,0.3756,1365.39,5.64,77.3,0.23,613.18,557.42
with_titles,80,60,rrf,0.6577,0.467,0.4132,1365.39,5.64,77.3,0.23,613.18,557.42
with_titles,80,60,colbert,0.6577,0.5123,0.4699,1365.39,5.64,77.3,0.23,613.18,557.42
with_titles,80,60,cross_encoder,0.6577,0.5682,0.5421,1365.39,5.64,77.3,0.23,613.18,557.42
with_titles,80,80,dense,0.6306,0.4342,0.3798,1365.39,5.64,77.3,0.23,613.18,557.42
with_titles,80,80,sparse,0.6276,0.4302,0.3756,1365.39,5.64,77.3,0.23,613.18,557.42
with_titles,80,80,rrf,0.6577,0.4663,0.4123,1365.39,5.64,77.3,0.23,613.18,557.42
with_titles,80,80,colbert,0.6577,0.5123,0.4699,1365.39,5.64,77.3,0.23,613.18,557.42
with_titles,80,80,cross_encoder,0.6577,0.5682,0.5421,1365.39,5.64,77.3,0.23,613.18,557.42
with_titles,80,100,dense,0.6306,0.4342,0.3798,1365.39,5.64,77.3,0.23,613.18,557.42
with_titles,80,100,sparse,0.6276,0.4302,0.3756,1365.39,5.64,77.3,0.23,613.18,557.42
with_titles,80,100,rrf,0.6577,0.4663,0.4123,1365.39,5.64,77.3,0.23,613.18,557.42
with_titles,80,100,colbert,0.6577,0.5123,0.4699,1365.39,5.64,77.3,0.23,613.18,557.42
with_titles,80,100,cross_encoder,0.6577,0.5682,0.5421,1365.39,5.64,77.3,0.23,613.18,557.42
with_titles,80,150,dense,0.6306,0.4342,0.3798,1365.39,5.64,77.3,0.23,613.18,557.42
with_titles,80,150,sparse,0.6276,0.4302,0.3756,1365.39,5.64,77.3,0.23,613.18,557.42
with_titles,80,150,rrf,0.6577,0.4661,0.4122,1365.39,5.64,77.3,0.23,613.18,557.42
with_titles,80,150,colbert,0.6577,0.5123,0.4699,1365.39,5.64,77.3,0.23,613.18,557.42
with_titles,80,150,cross_encoder,0.6577,0.5682,0.5421,1365.39,5.64,77.3,0.23,613.18,557.42
with_titles,80,300,dense,0.6306,0.4342,0.3798,1365.39,5.64,77.3,0.23,613.18,557.42
with_titles,80,300,sparse,0.6276,0.4302,0.3756,1365.39,5.64,77.3,0.23,613.18,557.42
with_titles,80,300,rrf,0.6577,0.4661,0.4121,1365.39,5.64,77.3,0.23,613.18,557.42
with_titles,80,300,colbert,0.6577,0.5123,0.4699,1365.39,5.64,77.3,0.23,613.18,557.42
with_titles,80,300,cross_encoder,0.6577,0.5682,0.5421,1365.39,5.64,77.3,0.23,613.18,557.42
adjacent,10,10,dense,0.5596,0.4532,0.4192,3398.71,100.54,115.68,0.29,1852.46,1052.23
adjacent,10,10,sparse,0.5656,0.4527,0.4167,3398.71,100.54,115.68,0.29,1852.46,1052.23
adjacent,10,10,rrf,0.6006,0.482,0.4441,3398.71,100.54,115.68,0.29,1852.46,1052.23
adjacent,10,10,colbert,0.5916,0.4891,0.4569,3398.71,100.54,115.68,0.29,1852.46,1052.23
adjacent,10,10,cross_encoder,0.6396,0.5821,0.5637,3398.71,100.54,115.68,0.29,1852.46,1052.23
adjacent,10,20,dense,0.5596,0.4532,0.4192,3398.71,100.54,115.68,0.29,1852.46,1052.23
adjacent,10,20,sparse,0.5656,0.4527,0.4167,3398.71,100.54,115.68,0.29,1852.46,1052.23
adjacent,10,20,rrf,0.6006,0.4817,0.4437,3398.71,100.54,115.68,0.29,1852.46,1052.23
adjacent,10,20,colbert,0.5916,0.4891,0.4569,3398.71,100.54,115.68,0.29,1852.46,1052.23
adjacent,10,20,cross_encoder,0.6396,0.5821,0.5637,3398.71,100.54,115.68,0.29,1852.46,1052.23
adjacent,10,60,dense,0.5596,0.4532,0.4192,3398.71,100.54,115.68,0.29,1852.46,1052.23
adjacent,10,60,sparse,0.5656,0.4527,0.4167,3398.71,100.54,115.68,0.29,1852.46,1052.23
adjacent,10,60,rrf,0.6006,0.4818,0.4439,3398.71,100.54,115.68,0.29,1852.46,1052.23
adjacent,10,60,colbert,0.5916,0.4891,0.4569,3398.71,100.54,115.68,0.29,1852.46,1052.23
adjacent,10,60,cross_encoder,0.6396,0.5821,0.5637,3398.71,100.54,115.68,0.29,1852.46,1052.23
adjacent,10,80,dense,0.5596,0.4532,0.4192,3398.71,100.54,115.68,0.29,1852.46,1052.23
adjacent,10,80,sparse,0.5656,0.4527,0.4167,3398.71,100.54,115.68,0.29,1852.46,1052.23
adjacent,10,80,rrf,0.6006,0.4818,0.4439,3398.71,100.54,115.68,0.29,1852.46,1052.23
adjacent,10,80,colbert,0.5916,0.4891,0.4569,3398.71,100.54,115.68,0.29,1852.46,1052.23
adjacent,10,80,cross_encoder,0.6396,0.5821,0.5637,3398.71,100.54,115.68,0.29,1852.46,1052.23
adjacent,10,100,dense,0.5596,0.4532,0.4192,3398.71,100.54,115.68,0.29,1852.46,1052.23
adjacent,10,100,sparse,0.5656,0.4527,0.4167,3398.71,100.54,115.68,0.29,1852.46,1052.23
adjacent,10,100,rrf,0.6006,0.4818,0.4439,3398.71,100.54,115.68,0.29,1852.46,1052.23
adjacent,10,100,colbert,0.5916,0.4891,0.4569,3398.71,100.54,115.68,0.29,1852.46,1052.23
adjacent,10,100,cross_encoder,0.6396,0.5821,0.5637,3398.71,100.54,115.68,0.29,1852.46,1052.23
adjacent,10,150,dense,0.5596,0.4532,0.4192,3398.71,100.54,115.68,0.29,1852.46,1052.23
adjacent,10,150,sparse,0.5656,0.4527,0.4167,3398.71,100.54,115.68,0.29,1852.46,1052.23
adjacent,10,150,rrf,0.6006,0.4818,0.4439,3398.71,100.54,115.68,0.29,1852.46,1052.23
adjacent,10,150,colbert,0.5916,0.4891,0.4569,3398.71,100.54,115.68,0.29,1852.46,1052.23
adjacent,10,150,cross_encoder,0.6396,0.5821,0.5637,3398.71,100.54,115.68,0.29,1852.46,1052.23
adjacent,10,300,dense,0.5596,0.4532,0.4192,3398.71,100.54,115.68,0.29,1852.46,1052.23
adjacent,10,300,sparse,0.5656,0.4527,0.4167,3398.71,100.54,115.68,0.29,1852.46,1052.23
adjacent,10,300,rrf,0.6006,0.4818,0.4439,3398.71,100.54,115.68,0.29,1852.46,1052.23
adjacent,10,300,colbert,0.5916,0.4891,0.4569,3398.71,100.54,115.68,0.29,1852.46,1052.23
adjacent,10,300,cross_encoder,0.6396,0.5821,0.5637,3398.71,100.54,115.68,0.29,1852.46,1052.23
adjacent,30,10,dense,0.6156,0.4671,0.423,3398.71,100.54,115.68,0.29,1852.46,1052.23
adjacent,30,10,sparse,0.6166,0.4649,0.4197,3398.71,100.54,115.68,0.29,1852.46,1052.23
adjacent,30,10,rrf,0.6567,0.4986,0.4512,3398.71,100.54,115.68,0.29,1852.46,1052.23
adjacent,30,10,colbert,0.6486,0.5026,0.4602,3398.71,100.54,115.68,0.29,1852.46,1052.23
adjacent,30,10,cross_encoder,0.6697,0.5892,0.5654,3398.71,100.54,115.68,0.29,1852.46,1052.23
adjacent,30,20,dense,0.6156,0.4671,0.423,3398.71,100.54,115.68,0.29,1852.46,1052.23
adjacent,30,20,sparse,0.6166,0.4649,0.4197,3398.71,100.54,115.68,0.29,1852.46,1052.23
adjacent,30,20,rrf,0.6567,0.4982,0.451,3398.71,100.54,115.68,0.29,1852.46,1052.23
adjacent,30,20,colbert,0.6486,0.5026,0.4602,3398.71,100.54,115.68,0.29,1852.46,1052.23
adjacent,30,20,cross_encoder,0.6697,0.5892,0.5654,3398.71,100.54,115.68,0.29,1852.46,1052.23
adjacent,30,60,dense,0.6156,0.4671,0.423,3398.71,100.54,115.68,0.29,1852.46,1052.23
adjacent,30,60,sparse,0.6166,0.4649,0.4197,3398.71,100.54,115.68,0.29,1852.46,1052.23
adjacent,30,60,rrf,0.6567,0.498,0.4508,3398.71,100.54,115.68,0.29,1852.46,1052.23
adjacent,30,60,colbert,0.6486,0.5026,0.4602,3398.71,100.54,115.68,0.29,1852.46,1052.23
adjacent,30,60,cross_encoder,0.6697,0.5892,0.5654,3398.71,100.54,115.68,0.29,1852.46,1052.23
adjacent,30,80,dense,0.6156,0.4671,0.423,3398.71,100.54,115.68,0.29,1852.46,1052.23
adjacent,30,80,sparse,0.6166,0.4649,0.4197,3398.71,100.54,115.68,0.29,1852.46,1052.23
adjacent,30,80,rrf,0.6567,0.4979,0.4508,3398.71,100.54,115.68,0.29,1852.46,1052.23
adjacent,30,80,colbert,0.6486,0.5026,0.4602,3398.71,100.54,115.68,0.29,1852.46,1052.23
adjacent,30,80,cross_encoder,0.6697,0.5892,0.5654,3398.71,100.54,115.68,0.29,1852.46,1052.23
adjacent,30,100,dense,0.6156,0.4671,0.423,3398.71,100.54,115.68,0.29,1852.46,1052.23
adjacent,30,100,sparse,0.6166,0.4649,0.4197,3398.71,100.54,115.68,0.29,1852.46,1052.23
adjacent,30,100,rrf,0.6567,0.4979,0.4508,3398.71,100.54,115.68,0.29,1852.46,1052.23
adjacent,30,100,colbert,0.6486,0.5026,0.4602,3398.71,100.54,115.68,0.29,1852.46,1052.23
adjacent,30,100,cross_encoder,0.6697,0.5892,0.5654,3398.71,100.54,115.68,0.29,1852.46,1052.23
adjacent,30,150,dense,0.6156,0.4671,0.423,3398.71,100.54,115.68,0.29,1852.46,1052.23
adjacent,30,150,sparse,0.6166,0.4649,0.4197,3398.71,100.54,115.68,0.29,1852.46,1052.23
adjacent,30,150,rrf,0.6567,0.498,0.4508,3398.71,100.54,115.68,0.29,1852.46,1052.23
adjacent,30,150,colbert,0.6486,0.5026,0.4602,3398.71,100.54,115.68,0.29,1852.46,1052.23
adjacent,30,150,cross_encoder,0.6697,0.5892,0.5654,3398.71,100.54,115.68,0.29,1852.46,1052.23
adjacent,30,300,dense,0.6156,0.4671,0.423,3398.71,100.54,115.68,0.29,1852.46,1052.23
adjacent,30,300,sparse,0.6166,0.4649,0.4197,3398.71,100.54,115.68,0.29,1852.46,1052.23
adjacent,30,300,rrf,0.6567,0.4983,0.4513,3398.71,100.54,115.68,0.29,1852.46,1052.23
adjacent,30,300,colbert,0.6486,0.5026,0.4602,3398.71,100.54,115.68,0.29,1852.46,1052.23
adjacent,30,300,cross_encoder,0.6697,0.5892,0.5654,3398.71,100.54,115.68,0.29,1852.46,1052.23
adjacent,50,10,dense,0.6336,0.4705,0.4234,3398.71,100.54,115.68,0.29,1852.46,1052.23
adjacent,50,10,sparse,0.6426,0.4698,0.4204,3398.71,100.54,115.68,0.29,1852.46,1052.23
adjacent,50,10,rrf,0.6677,0.5029,0.4542,3398.71,100.54,115.68,0.29,1852.46,1052.23
adjacent,50,10,colbert,0.6707,0.5068,0.4607,3398.71,100.54,115.68,0.29,1852.46,1052.23
adjacent,50,10,cross_encoder,0.6747,0.5901,0.5655,3398.71,100.54,115.68,0.29,1852.46,1052.23
adjacent,50,20,dense,0.6336,0.4705,0.4234,3398.71,100.54,115.68,0.29,1852.46,1052.23
adjacent,50,20,sparse,0.6426,0.4698,0.4204,3398.71,100.54,115.68,0.29,1852.46,1052.23
adjacent,50,20,rrf,0.6677,0.5021,0.4534,3398.71,100.54,115.68,0.29,1852.46,1052.23
adjacent,50,20,colbert,0.6707,0.5068,0.4607,3398.71,100.54,115.68,0.29,1852.46,1052.23
adjacent,50,20,cross_encoder,0.6747,0.5901,0.5655,3398.71,100.54,115.68,0.29,1852.46,1052.23
adjacent,50,60,dense,0.6336,0.4705,0.4234,3398.71,100.54,115.68,0.29,1852.46,1052.23
adjacent,50,60,sparse,0.6426,0.4698,0.4204,3398.71,100.54,115.68,0.29,1852.46,1052.23
adjacent,50,60,rrf,0.6677,0.5013,0.4527,3398.71,100.54,115.68,0.29,1852.46,1052.23
adjacent,50,60,colbert,0.6707,0.5068,0.4607,3398.71,100.54,115.68,0.29,1852.46,1052.23
adjacent,50,60,cross_encoder,0.6747,0.5901,0.5655,3398.71,100.54,115.68,0.29,1852.46,1052.23
adjacent,50,80,dense,0.6336,0.4705,0.4234,3398.71,100.54,115.68,0.29,1852.46,1052.23
adjacent,50,80,sparse,0.6426,0.4698,0.4204,3398.71,100.54,115.68,0.29,1852.46,1052.23
adjacent,50,80,rrf,0.6677,0.5009,0.4521,3398.71,100.54,115.68,0.29,1852.46,1052.23
adjacent,50,80,colbert,0.6707,0.5068,0.4607,3398.71,100.54,115.68,0.29,1852.46,1052.23
adjacent,50,80,cross_encoder,0.6747,0.5901,0.5655,3398.71,100.54,115.68,0.29,1852.46,1052.23
adjacent,50,100,dense,0.6336,0.4705,0.4234,3398.71,100.54,115.68,0.29,1852.46,1052.23
adjacent,50,100,sparse,0.6426,0.4698,0.4204,3398.71,100.54,115.68,0.29,1852.46,1052.23
adjacent,50,100,rrf,0.6677,0.5009,0.4521,3398.71,100.54,115.68,0.29,1852.46,1052.23
adjacent,50,100,colbert,0.6707,0.5068,0.4607,3398.71,100.54,115.68,0.29,1852.46,1052.23
adjacent,50,100,cross_encoder,0.6747,0.5901,0.5655,3398.71,100.54,115.68,0.29,1852.46,1052.23
adjacent,50,150,dense,0.6336,0.4705,0.4234,3398.71,100.54,115.68,0.29,1852.46,1052.23
adjacent,50,150,sparse,0.6426,0.4698,0.4204,3398.71,100.54,115.68,0.29,1852.46,1052.23
adjacent,50,150,rrf,0.6677,0.5006,0.4518,3398.71,100.54,115.68,0.29,1852.46,1052.23
adjacent,50,150,colbert,0.6707,0.5068,0.4607,3398.71,100.54,115.68,0.29,1852.46,1052.23
adjacent,50,150,cross_encoder,0.6747,0.5901,0.5655,3398.71,100.54,115.68,0.29,1852.46,1052.23
adjacent,50,300,dense,0.6336,0.4705,0.4234,3398.71,100.54,115.68,0.29,1852.46,1052.23
adjacent,50,300,sparse,0.6426,0.4698,0.4204,3398.71,100.54,115.68,0.29,1852.46,1052.23
adjacent,50,300,rrf,0.6677,0.5008,0.4521,3398.71,100.54,115.68,0.29,1852.46,1052.23
adjacent,50,300,colbert,0.6707,0.5068,0.4607,3398.71,100.54,115.68,0.29,1852.46,1052.23
adjacent,50,300,cross_encoder,0.6747,0.5901,0.5655,3398.71,100.54,115.68,0.29,1852.46,1052.23
adjacent,80,10,dense,0.6466,0.4727,0.4236,3398.71,100.54,115.68,0.29,1852.46,1052.23
adjacent,80,10,sparse,0.6597,0.4727,0.4207,3398.71,100.54,115.68,0.29,1852.46,1052.23
adjacent,80,10,rrf,0.6787,0.5045,0.4541,3398.71,100.54,115.68,0.29,1852.46,1052.23
adjacent,80,10,colbert,0.6787,0.5081,0.4609,3398.71,100.54,115.68,0.29,1852.46,1052.23
adjacent,80,10,cross_encoder,0.6787,0.5907,0.5656,3398.71,100.54,115.68,0.29,1852.46,1052.23
adjacent,80,20,dense,0.6466,0.4727,0.4236,3398.71,100.54,115.68,0.29,1852.46,1052.23
adjacent,80,20,sparse,0.6597,0.4727,0.4207,3398.71,100.54,115.68,0.29,1852.46,1052.23
adjacent,80,20,rrf,0.6787,0.5045,0.4542,3398.71,100.54,115.68,0.29,1852.46,1052.23
adjacent,80,20,colbert,0.6787,0.5081,0.4609,3398.71,100.54,115.68,0.29,1852.46,1052.23
adjacent,80,20,cross_encoder,0.6787,0.5907,0.5656,3398.71,100.54,115.68,0.29,1852.46,1052.23
adjacent,80,60,dense,0.6466,0.4727,0.4236,3398.71,100.54,115.68,0.29,1852.46,1052.23
adjacent,80,60,sparse,0.6597,0.4727,0.4207,3398.71,100.54,115.68,0.29,1852.46,1052.23
adjacent,80,60,rrf,0.6787,0.5026,0.4523,3398.71,100.54,115.68,0.29,1852.46,1052.23
adjacent,80,60,colbert,0.6787,0.5081,0.4609,3398.71,100.54,115.68,0.29,1852.46,1052.23
adjacent,80,60,cross_encoder,0.6787,0.5907,0.5656,3398.71,100.54,115.68,0.29,1852.46,1052.23
adjacent,80,80,dense,0.6466,0.4727,0.4236,3398.71,100.54,115.68,0.29,1852.46,1052.23
adjacent,80,80,sparse,0.6597,0.4727,0.4207,3398.71,100.54,115.68,0.29,1852.46,1052.23
adjacent,80,80,rrf,0.6787,0.5017,0.4512,3398.71,100.54,115.68,0.29,1852.46,1052.23
adjacent,80,80,colbert,0.6787,0.5081,0.4609,3398.71,100.54,115.68,0.29,1852.46,1052.23
adjacent,80,80,cross_encoder,0.6787,0.5907,0.5656,3398.71,100.54,115.68,0.29,1852.46,1052.23
adjacent,80,100,dense,0.6466,0.4727,0.4236,3398.71,100.54,115.68,0.29,1852.46,1052.23
adjacent,80,100,sparse,0.6597,0.4727,0.4207,3398.71,100.54,115.68,0.29,1852.46,1052.23
adjacent,80,100,rrf,0.6787,0.5017,0.4512,3398.71,100.54,115.68,0.29,1852.46,1052.23
adjacent,80,100,colbert,0.6787,0.5081,0.4609,3398.71,100.54,115.68,0.29,1852.46,1052.23
adjacent,80,100,cross_encoder,0.6787,0.5907,0.5656,3398.71,100.54,115.68,0.29,1852.46,1052.23
adjacent,80,150,dense,0.6466,0.4727,0.4236,3398.71,100.54,115.68,0.29,1852.46,1052.23
adjacent,80,150,sparse,0.6597,0.4727,0.4207,3398.71,100.54,115.68,0.29,1852.46,1052.23
adjacent,80,150,rrf,0.6787,0.5014,0.4508,3398.71,100.54,115.68,0.29,1852.46,1052.23
adjacent,80,150,colbert,0.6787,0.5081,0.4609,3398.71,100.54,115.68,0.29,1852.46,1052.23
adjacent,80,150,cross_encoder,0.6787,0.5907,0.5656,3398.71,100.54,115.68,0.29,1852.46,1052.23
adjacent,80,300,dense,0.6466,0.4727,0.4236,3398.71,100.54,115.68,0.29,1852.46,1052.23
adjacent,80,300,sparse,0.6597,0.4727,0.4207,3398.71,100.54,115.68,0.29,1852.46,1052.23
adjacent,80,300,rrf,0.6787,0.5016,0.4511,3398.71,100.54,115.68,0.29,1852.46,1052.23
adjacent,80,300,colbert,0.6787,0.5081,0.4609,3398.71,100.54,115.68,0.29,1852.46,1052.23
adjacent,80,300,cross_encoder,0.6787,0.5907,0.5656,3398.71,100.54,115.68,0.29,1852.46,1052.23
